scraped_at,Competition Name,Price (£),Total Tickets,Sold Tickets,Sold Percentage (%),Total Sold Value (£)
2026-06-22 09:35:54,WIN 2026 TAYLORMADE £7.5K MEGA BUNDLE #18,0.66,23999,268,1.0,176.88
2026-06-22 09:35:54,MAJOR INSTANT WIN – 2026 THIRD MAJOR #1,3.75,39999,9891,24.0,37091.25
2026-06-22 09:35:54,WIN A RANGE ROVER SPORT + £3K TITLEIST BUNDLE + £2K TAX FREE CASH #1,0.75,164999,27551,16.0,20663.25
2026-06-22 09:35:54,JUMBO JUNE INSTANT WIN #1,2.5,249999,51196,20.0,127990.0
2026-06-22 09:35:54,THE BIG CLEARANCE INSTANT WIN COMP – 50% OFF – £150K WORTH OF PRIZES #1,0.85,299999,158892,52.0,135058.2
2026-06-22 09:35:54,FREE TO PLAY: WIN A PLACE TO PLAY AT BLITZ GOLF LINCOLN #1,0.0,4999,180,3.0,0.0
2026-06-22 09:35:54,WIN TAYLORMADE SPIDER TOUR BLACK PUTTER #143,0.22,2999,786,26.0,172.92
2026-06-22 09:35:54,WIN 2026 VOKEY SM11 NICKEL WEDGES #41,3.33,359,83,23.0,276.39
2026-06-22 09:35:54,FREE TO PLAY: WIN A TAYLORMADE QI4D MEGA BUNDLE (BLITZ GOLF GIVEAWAY) #1,0.0,9999,1364,13.0,0.0
2026-06-22 09:35:54,WIN 2 X VIP TICKETS TO CADDY COMPS BLITZ GOLF ENGLAND SERIES – LINCOLN EVENT #4,0.0,4999,1056,21.0,0.0
2026-06-22 09:35:54,WIN 2026 TAYLORMADE QI4D DRIVER #42,3.75,329,48,14.0,180.0
2026-06-22 09:35:54,WIN 2026 PING G440 £3K MEGA BUNDLE #22,0.67,10999,1195,10.0,800.65
2026-06-22 09:35:54,"WIN 2026 TAYLORMADE QI4D WOODS (DRIVER, FW, HYBRID) #59",3.75,679,84,12.0,315.0
2026-06-22 09:35:54,WIN POWAKADDY FX1 ELECTRIC TROLLEY #118,0.33,3999,750,19.0,247.5
2026-06-22 09:35:54,WIN TAYLORMADE P790 IRONS (5-PW) #273,0.65,3599,718,20.0,466.7
2026-06-22 09:35:54,WIN NEW 2026 DRIVER #354,3.75,329,23,7.0,86.25
2026-06-22 09:35:54,WIN NEW 2026 DRIVER #353,0.33,3599,234,7.0,77.22
2026-06-22 09:35:54,WIN TAYLORMADE MG5 CHROME WEDGES #74,0.38,2999,243,8.0,92.34
2026-06-22 09:35:54,WIN 2026 FAIRWAY WOOD #94,0.75,1049,117,11.0,87.75
2026-06-22 09:35:54,WIN 2026 TAYLORMADE SPIDER TOUR X TORCHED PUTTER #6,0.25,2999,791,26.0,197.75
2026-06-22 09:35:54,WIN TAYLORMADE SPIDER 5K ZT PUTTER #77,3.75,299,28,9.0,105.0
2026-06-22 09:35:54,WIN SCOTTY CAMERON STUDIO STYLE #127,0.65,1649,70,4.0,45.5
2026-06-22 09:35:54,WIN GARMIN Z30 RANGEFINDER #6,2.65,299,27,9.0,71.55
2026-06-22 09:35:54,WIN OGIO FUSE STAND #15,0.65,799,113,14.0,73.45
2026-06-22 09:35:54,WIN 4 DOZEN PROV1 GOLF BALLS #97,0.65,799,109,14.0,70.85
2026-06-22 09:35:54,FREE TO PLAY: WIN A PLACE TO PLAY AT BLITZ GOLF LONDON #1,0.0,4999,226,5.0,0.0
2026-06-22 09:35:54,WIN 2026 PING S259 CHROME WEDGES #6,3.75,319,0,0.0,0.0
2026-06-22 09:35:54,WIN 2026 TAYLORMADE SPIDER TOUR TORCHED PUTTER #4,0.25,2999,84,3.0,21.0
2026-06-22 09:35:54,WIN 2026 TITLEIST GTS DRIVER #10,3.75,329,7,2.0,26.25
2026-06-22 09:35:54,WIN 2026 TAYLORMADE QI4D £3K BUNDLE #37,0.33,21999,709,3.0,233.97
2026-06-22 09:35:54,WIN 2026 PING G440 K WOODS BUNDLE #43,0.69,3999,65,2.0,44.85
2026-06-22 09:35:54,WIN 2026 TITLEIST SHORT GAME BUNDLE (SS) #14,3.6,599,6,1.0,21.6
2026-06-22 09:35:54,WIN TAYLORMADE P790 IRONS (5-PW) #274,0.33,7199,263,4.0,86.79
2026-06-22 09:35:54,WIN MOTOCADDY M5 GPS #2,0.33,7499,315,4.0,103.95
2026-06-22 09:35:54,WIN NEW 2026 DRIVER #357,3.75,329,4,1.0,15.0
2026-06-22 09:35:54,WIN NEW 2026 DRIVER #356,0.75,1599,3,1.0,2.25
2026-06-22 09:35:54,WIN NEW 2026 DRIVER #355,0.15,7999,72,1.0,10.8
2026-06-22 09:35:54,WIN SHOTSCOPE LM1 LAUNCH MONITOR #26,1.75,349,1,1.0,1.75
2026-06-22 09:35:54,WIN 2026 VOKEY SM11 CHROME WEDGES #39,0.55,2199,67,3.0,36.85
2026-06-22 09:35:54,WIN CUSTOM MG5 BLACKOUT WEDGES W/KBS BLACK SHAFT #30,1.55,799,1,1.0,1.55
2026-06-22 09:35:54,WIN 2026 ODYSSEY DAMASCUS MILLED #11,1.55,3099,6,1.0,9.3
2026-06-22 09:35:54,WIN L.A.B DF3 #65,3.35,329,4,1.0,13.4
2026-06-22 09:35:54,WIN SCOTTY CAMERON STUDIO STYLE #128,0.55,1999,25,1.0,13.75
2026-06-22 09:35:54,WIN TAYLORMADE P SERIES UDI #10,0.22,2199,64,2.0,14.08
2026-06-22 09:35:54,WIN GARMIN S44 GPS #101,3.25,259,13,5.0,42.25
2026-06-22 09:35:54,WIN TITLEIST PLAYERS S4 #4,0.25,1799,21,1.0,5.25
2026-06-22 09:35:54,WIN 4 DOZEN TAYLORMADE TP5X PIX #19,0.85,599,53,8.0,45.05
2026-06-22 09:35:54,WIN 2026 PING G440K DRIVER #30,3.75,339,1,1.0,3.75
2026-06-22 09:35:54,WIN 2026 VOKEY SM11 NICKEL WEDGES #42,3.33,359,1,1.0,3.33
2026-06-22 09:35:54,WIN 2026 TAYLORMADE SPIDER TOUR TORCHED PUTTER #5,0.25,2999,26,1.0,6.5
2026-06-22 09:35:54,WIN 2026 TITLEIST GTS £3K MEGA BUNDLE #8,0.85,8999,191,2.0,162.35
2026-06-22 09:35:54,WIN 2026 TAYLORMADE SHORT GAME BUNDLE #3,0.33,5499,4,1.0,1.32
2026-06-22 09:35:54,WIN NAVEE BIRDIE 3 REMOTE #26,3.75,499,6,1.0,22.5
2026-06-22 09:35:54,WIN TAYLORMADE P790 IRONS (5-PW) #275,0.22,10999,107,1.0,23.54
2026-06-22 09:35:54,WIN NEW 2026 DRIVER #359,2.75,439,0,0.0,0.0
2026-06-22 09:35:54,WIN NEW 2026 DRIVER #358,0.15,7999,36,1.0,5.4
2026-06-22 09:35:54,WIN TAYLORMADE R7 QUAD MINI DRIVER #18,3.75,249,0,0.0,0.0
2026-06-22 09:35:54,WIN TAYLORMADE MG5 CHROME WEDGES #75,0.38,2999,44,1.0,16.72
2026-06-22 09:35:54,WIN 2026 TAYLORMADE SPIDER TOUR X TORCHED PUTTER #7,0.25,2999,82,3.0,20.5
2026-06-22 09:35:54,WIN L.A.B OZ1I HS #5,2.2,529,35,7.0,77.0
2026-06-22 09:35:54,WIN SCOTTY CAMERON STUDIO STYLE #129,0.55,1999,8,1.0,4.4
2026-06-22 09:35:54,WIN 2026 FAIRWAY WOOD #95,0.75,1049,3,1.0,2.25
2026-06-22 09:35:54,WIN BUSHNELL TOUR V7 SHIFT #28,3.75,279,0,0.0,0.0
2026-06-22 09:35:54,WIN 4 DOZEN PROV1X #82,0.33,1549,45,3.0,14.85
2026-06-22 09:35:54,WIN 2026 TAYLORMADE QI4D DRIVER #43,3.75,329,0,0.0,0.0
2026-06-22 09:35:54,WIN TAYLORMADE SPIDER TOUR BLACK PUTTER #144,3.75,199,1,1.0,3.75
2026-06-22 09:35:54,WIN 2026 VOKEY SM11 CHROME WEDGES #40,0.55,2199,0,0.0,0.0
2026-06-22 09:35:54,WIN 2026 TAYLORMADE QI4D £3K BUNDLE W/P790 IRONS #2,1.75,3999,11,1.0,19.25
2026-06-22 09:35:54,WIN 2026 TITLEIST GTS WOODS BUNDLE #2,0.33,8999,34,1.0,11.22
2026-06-22 09:35:54,WIN PING SHORT GAME BUNDLE #2,3.75,429,2,1.0,7.5
2026-06-22 09:35:54,WIN 2026 CALLAWAY QUANTUM IRONS 5-PW #17,0.75,2499,5,1.0,3.75
2026-06-22 09:35:54,WIN POWAKADDY FX1 ELECTRIC TROLLEY #119,0.66,1999,3,1.0,1.98
2026-06-22 09:35:54,WIN NEW 2026 DRIVER #361,3.75,329,0,0.0,0.0
2026-06-22 09:35:54,WIN NEW 2026 DRIVER #360,0.55,2199,0,0.0,0.0
2026-06-22 09:35:54,WIN 2026 CALLAWAY QUANTUM MINI DRIVER #16,0.33,2999,6,1.0,1.98
2026-06-22 09:35:54,WIN 2026 VOKEY SM11 JET BLACK WEDGES #35,0.25,4999,20,1.0,5.0
2026-06-22 09:35:54,WIN TAYLORMADE MG5 CHROME WEDGES #76,1.65,699,0,0.0,0.0
2026-06-22 09:35:54,WIN TAYLORMADE SPIDER 5K ZT PUTTER #78,0.75,1499,23,2.0,17.25
2026-06-22 09:35:54,WIN CUSTOM L.A.B DF3 ORANGE #3,3.55,339,2,1.0,7.1
2026-06-22 09:35:54,WIN 2026 ODYSSEY AI DUAL SQ2SQ JAILBIRD #18,0.22,3299,12,1.0,2.64
2026-06-22 09:35:54,WIN TITLEIST T250 UTILITY #7,0.33,1799,4,1.0,1.32
2026-06-22 09:35:54,WIN GARMIN S50 GPS #126,3.75,249,2,1.0,7.5
2026-06-22 09:35:54,WIN GARMIN Z30 RANGEFINDER #7,2.65,299,0,0.0,0.0
2026-06-22 09:35:54,WIN CALLAWAY FAIRWAY C HD BLACK CAMO STAND #1,0.65,699,5,1.0,3.25
2026-06-22 09:35:54,WIN 4 DOZEN TAYLORMADE TP5X PIX #20,0.85,599,2,1.0,1.7
2026-06-22 09:35:54,WIN 2026 TITLEIST GTS DRIVER #11,0.39,3099,0,0.0,0.0
2026-06-22 09:35:54,WIN 2026 TAYLORMADE SPIDER TOUR X TORCHED PUTTER #8,3.75,199,1,1.0,3.75
2026-06-22 09:35:54,WIN 4 DOZEN PROV1 GOLF BALLS #98,0.65,799,2,1.0,1.3
2026-06-22 09:35:54,WIN 2026 PING G440 £3K MEGA BUNDLE #23,0.67,10999,13,1.0,8.71
2026-06-22 09:35:54,"WIN 2026 TAYLORMADE QI4D WOODS (DRIVER, FW, HYBRID) #60",0.35,6999,28,1.0,9.8
2026-06-22 09:35:54,WIN 2026 TITLEIST SHORT GAME BUNDLE #15,2.4,899,0,0.0,0.0
2026-06-22 09:35:54,WIN TAYLORMADE P790 IRONS (5-PW) #276,0.75,3199,6,1.0,4.5
2026-06-22 09:35:54,WIN NAVEE BIRDIE 3 REMOTE #27,0.22,8999,10,1.0,2.2
2026-06-22 09:35:54,WIN NEW 2026 DRIVER #364,3.75,329,0,0.0,0.0
2026-06-22 09:35:54,WIN NEW 2026 DRIVER #363,0.65,1849,0,0.0,0.0
2026-06-22 09:35:54,WIN NEW 2026 DRIVER #362,0.05,23999,92,1.0,4.6
2026-06-22 09:35:54,WIN LTD EDITION CALLAWAY QUANTIUM WORLD CUP MINI DRIVER #1,3.75,299,4,1.0,15.0
2026-06-22 09:35:54,WIN 2026 VOKEY SM11 NICKEL WEDGES #43,0.55,2199,10,1.0,5.5
2026-06-22 09:35:54,WIN 2026 PING S259 CHROME WEDGES #7,3.75,319,0,0.0,0.0
2026-06-22 09:35:54,WIN SCOTTY CAMERON STUDIO STYLE #130,0.55,1999,0,0.0,0.0
2026-06-22 09:35:54,WIN TAYLORMADE SPIDER TOUR BLACK PUTTER #145,0.22,2999,10,1.0,2.2
2026-06-22 09:35:54,WIN L.A.B DF3 #66,3.35,329,2,1.0,6.7
2026-06-22 09:35:54,WIN GARMIN S44 GPS #102,3.25,259,0,0.0,0.0
2026-06-22 09:35:54,WIN SHOTSCOPE PRO L5 RANGEFINDER #3,0.65,899,18,2.0,11.7
2026-06-22 09:35:54,WIN 2026 TAYLORMADE QI4D STAFF STAND #3,0.17,5399,31,1.0,5.27
2026-06-22 09:35:54,WIN 4 DOZEN TAYLORMADE TP5 PIX #20,0.85,599,2,1.0,1.7
2026-06-22 09:35:54,WIN 2026 TAYLORMADE SPIDER TOUR TORCHED PUTTER #6,0.25,2999,0,0.0,0.0
2026-06-22 09:35:54,WIN 2026 PING G440K DRIVER #32,3.75,339,0,0.0,0.0
2026-06-22 09:35:54,WIN 2026 VOKEY SM11 JET BLACK WEDGES #36,1.25,959,0,0.0,0.0
2026-06-22 09:35:54,WIN 2026 TITLEIST GTS £3K MEGA BUNDLE #9,0.39,18999,103,1.0,40.17
2026-06-22 09:35:54,"WIN 2026 CALLAWAY QUANTUM WOODS (DRIVER, FW, HYBRID) #21",0.17,14999,37,1.0,6.29
2026-06-22 09:35:54,WIN MOTOCADDY SE #5,0.35,3999,1,1.0,0.35
2026-06-22 09:35:54,WIN TAYLORMADE P790 IRONS (5-PW) #277,0.12,18999,13,1.0,1.56
2026-06-22 09:35:54,WIN NEW 2026 DRIVER #366,3.35,359,0,0.0,0.0
2026-06-22 09:35:54,WIN NEW 2026 DRIVER #365,0.1,11999,1,1.0,0.1
2026-06-22 09:35:54,WIN TAYLORMADE R7 QUAD MINI DRIVER #19,3.75,249,0,0.0,0.0
2026-06-22 09:35:54,WIN 2026 FAIRWAY WOOD #96,1.75,449,0,0.0,0.0
2026-06-22 09:35:54,WIN TAYLORMADE P SERIES UDI #11,0.44,1199,0,0.0,0.0
2026-06-22 09:35:54,WIN CUSTOM MG5 BLACKOUT WEDGES W/KBS BLACK SHAFT #31,3.75,329,0,0.0,0.0
2026-06-22 09:35:54,WIN CALLAWAY OPUS SP BRUSHED CHROME WEDGES #5,3.75,2499,0,0.0,0.0
2026-06-22 09:35:54,WIN TAYLORMADE SPIDER 5K ZT PUTTER #79,0.75,1499,0,0.0,0.0
2026-06-22 09:35:54,WIN SCOTTY CAMERON PHANTOM #29,3.75,299,1,1.0,3.75
2026-06-22 09:35:54,WIN BUSHNELL TOUR V7 SHIFT #29,0.37,2799,28,1.0,10.36
2026-06-22 09:35:54,WIN 2026 TAYLORMADE QI4D STAFF STAND #4,0.17,5399,0,0.0,0.0
2026-06-22 09:35:54,WIN 4 DOZEN PROV1X #83,0.75,699,0,0.0,0.0
2026-06-22 09:35:54,WIN 2026 TITLEIST SHORT GAME BLACK BUNDLE #4,2.4,899,0,0.0,0.0
2026-06-22 09:35:54,WIN 2026 PING G440 K WOODS BUNDLE #44,0.69,3999,0,0.0,0.0
2026-06-22 09:35:54,WIN LTD EDITION TAYLORMADE P790 SHADOWFALL IRONS (5-PW) #11,3.75,699,0,0.0,0.0
2026-06-22 09:35:54,WIN POWAKADDY RX REMOTE #7,0.33,6999,0,0.0,0.0
2026-06-22 09:35:54,WIN NEW 2026 DRIVER #368,3.75,329,0,0.0,0.0
2026-06-22 09:35:54,WIN NEW 2026 DRIVER #367,0.65,1849,0,0.0,0.0
2026-06-22 09:35:54,WIN LTD EDITION CALLAWAY QUANTIUM WORLD CUP MINI DRIVER #2,3.75,299,0,0.0,0.0
2026-06-22 09:35:54,WIN 2026 VOKEY SM11 CHROME WEDGES #41,0.55,2199,0,0.0,0.0
2026-06-22 09:35:54,WIN TAYLORMADE MG5 CHROME WEDGES #78,1.65,699,0,0.0,0.0
2026-06-22 09:35:54,WIN SCOTTY CAMERON STUDIO STYLE #131,0.65,1649,0,0.0,0.0
2026-06-22 09:35:54,WIN 2026 ODYSSEY DAMASCUS MILLED #12,3.75,289,0,0.0,0.0
2026-06-22 09:35:54,WIN 2026 TAYLORMADE SPIDER TOUR X TORCHED PUTTER #9,3.75,2999,0,0.0,0.0
2026-06-22 09:35:54,WIN 2026 FAIRWAY WOOD #97,0.75,1049,0,0.0,0.0
2026-06-22 09:35:54,WIN SHOTSCOPE LM1 LAUNCH MONITOR #27,1.75,349,0,0.0,0.0
2026-06-22 09:35:54,WIN 2026 CALLAWAY QUANTUM STAFF STAND #4,0.17,5399,23,1.0,3.91
2026-06-22 09:35:54,WIN 4 DOZEN PROV1 GOLF BALLS #99,0.65,799,0,0.0,0.0
2026-06-22 04:22:12,WIN 2026 TAYLORMADE £7.5K MEGA BUNDLE #18,0.66,23999,268,1.0,176.88
2026-06-22 04:22:12,MAJOR INSTANT WIN – 2026 THIRD MAJOR #1,3.75,39999,9895,25.0,37106.25
2026-06-22 04:22:12,WIN A RANGE ROVER SPORT + £3K TITLEIST BUNDLE + £2K TAX FREE CASH #1,0.75,164999,27551,17.0,20663.25
2026-06-22 04:22:12,JUMBO JUNE INSTANT WIN #1,2.5,249999,51196,20.0,127990.0
2026-06-22 04:22:12,THE BIG CLEARANCE INSTANT WIN COMP – 50% OFF – £150K WORTH OF PRIZES #1,0.85,299999,158944,53.0,135102.4
2026-06-22 04:22:12,FREE TO PLAY: WIN A PLACE TO PLAY AT BLITZ GOLF LINCOLN #1,0.0,4999,180,4.0,0.0
2026-06-22 04:22:12,WIN TAYLORMADE SPIDER TOUR BLACK PUTTER #143,0.22,2999,886,30.0,194.92
2026-06-22 04:22:12,WIN 2026 VOKEY SM11 NICKEL WEDGES #41,3.33,359,83,23.0,276.39
2026-06-22 04:22:12,FREE TO PLAY: WIN A TAYLORMADE QI4D MEGA BUNDLE (BLITZ GOLF GIVEAWAY) #1,0.0,9999,1364,14.0,0.0
2026-06-22 04:22:12,WIN 2 X VIP TICKETS TO CADDY COMPS BLITZ GOLF ENGLAND SERIES – LINCOLN EVENT #4,0.0,4999,1056,21.0,0.0
2026-06-22 04:22:12,WIN 2026 TAYLORMADE QI4D DRIVER #42,3.75,329,48,15.0,180.0
2026-06-22 04:22:12,WIN 2026 PING G440 £3K MEGA BUNDLE #22,0.67,10999,1195,11.0,800.65
2026-06-22 04:22:12,"WIN 2026 TAYLORMADE QI4D WOODS (DRIVER, FW, HYBRID) #59",3.75,679,84,12.0,315.0
2026-06-22 04:22:12,WIN POWAKADDY FX1 ELECTRIC TROLLEY #118,0.33,3999,750,19.0,247.5
2026-06-22 04:22:12,WIN TAYLORMADE P790 IRONS (5-PW) #273,0.65,3599,718,20.0,466.7
2026-06-22 04:22:12,WIN NEW 2026 DRIVER #354,3.75,329,23,7.0,86.25
2026-06-22 04:22:12,WIN NEW 2026 DRIVER #353,0.33,3599,234,7.0,77.22
2026-06-22 04:22:12,WIN TAYLORMADE MG5 CHROME WEDGES #74,0.38,2999,243,8.0,92.34
2026-06-22 04:22:12,WIN 2026 FAIRWAY WOOD #94,0.75,1049,117,11.0,87.75
2026-06-22 04:22:12,WIN 2026 TAYLORMADE SPIDER TOUR X TORCHED PUTTER #6,0.25,2999,791,26.0,197.75
2026-06-22 04:22:12,WIN TAYLORMADE SPIDER 5K ZT PUTTER #77,3.75,299,28,9.0,105.0
2026-06-22 04:22:12,WIN SCOTTY CAMERON STUDIO STYLE #127,0.65,1649,70,4.0,45.5
2026-06-22 04:22:12,WIN GARMIN Z30 RANGEFINDER #6,2.65,299,27,9.0,71.55
2026-06-22 04:22:12,WIN OGIO FUSE STAND #15,0.65,799,113,14.0,73.45
2026-06-22 04:22:12,WIN 4 DOZEN PROV1 GOLF BALLS #97,0.65,799,109,14.0,70.85
2026-06-22 04:22:12,FREE TO PLAY: WIN A PLACE TO PLAY AT BLITZ GOLF LONDON #1,0.0,4999,226,5.0,0.0
2026-06-22 04:22:12,WIN 2026 PING S259 CHROME WEDGES #6,3.75,319,0,0.0,0.0
2026-06-22 04:22:12,WIN 2026 TAYLORMADE SPIDER TOUR TORCHED PUTTER #4,0.25,2999,84,3.0,21.0
2026-06-22 04:22:12,WIN 2026 TITLEIST GTS DRIVER #10,3.75,329,7,2.0,26.25
2026-06-22 04:22:12,WIN 2026 TAYLORMADE QI4D £3K BUNDLE #37,0.33,21999,709,3.0,233.97
2026-06-22 04:22:12,WIN 2026 PING G440 K WOODS BUNDLE #43,0.69,3999,65,2.0,44.85
2026-06-22 04:22:12,WIN 2026 TITLEIST SHORT GAME BUNDLE (SS) #14,3.6,599,6,1.0,21.6
2026-06-22 04:22:12,WIN TAYLORMADE P790 IRONS (5-PW) #274,0.33,7199,263,4.0,86.79
2026-06-22 04:22:12,WIN MOTOCADDY M5 GPS #2,0.33,7499,315,4.0,103.95
2026-06-22 04:22:12,WIN NEW 2026 DRIVER #357,3.75,329,4,1.0,15.0
2026-06-22 04:22:12,WIN NEW 2026 DRIVER #356,0.75,1599,3,1.0,2.25
2026-06-22 04:22:12,WIN NEW 2026 DRIVER #355,0.15,7999,72,1.0,10.8
2026-06-22 04:22:12,WIN SHOTSCOPE LM1 LAUNCH MONITOR #26,1.75,349,1,1.0,1.75
2026-06-22 04:22:12,WIN 2026 VOKEY SM11 CHROME WEDGES #39,0.55,2199,67,3.0,36.85
2026-06-22 04:22:12,WIN CUSTOM MG5 BLACKOUT WEDGES W/KBS BLACK SHAFT #30,1.55,799,1,1.0,1.55
2026-06-22 04:22:12,WIN 2026 ODYSSEY DAMASCUS MILLED #11,1.55,3099,6,1.0,9.3
2026-06-22 04:22:12,WIN L.A.B DF3 #65,3.35,329,4,1.0,13.4
2026-06-22 04:22:12,WIN SCOTTY CAMERON STUDIO STYLE #128,0.55,1999,25,1.0,13.75
2026-06-22 04:22:12,WIN TAYLORMADE P SERIES UDI #10,0.22,2199,64,3.0,14.08
2026-06-22 04:22:12,WIN GARMIN S44 GPS #101,3.25,259,13,5.0,42.25
2026-06-22 04:22:12,WIN TITLEIST PLAYERS S4 #4,0.25,1799,21,1.0,5.25
2026-06-22 04:22:12,WIN 4 DOZEN TAYLORMADE TP5X PIX #19,0.85,599,53,9.0,45.05
2026-06-22 04:22:12,WIN 2026 PING G440K DRIVER #30,3.75,339,1,1.0,3.75
2026-06-22 04:22:12,WIN 2026 VOKEY SM11 NICKEL WEDGES #42,3.33,359,1,1.0,3.33
2026-06-22 04:22:12,WIN 2026 TAYLORMADE SPIDER TOUR TORCHED PUTTER #5,0.25,2999,26,1.0,6.5
2026-06-22 04:22:12,WIN 2026 TITLEIST GTS £3K MEGA BUNDLE #8,0.85,8999,191,2.0,162.35
2026-06-22 04:22:12,WIN 2026 TAYLORMADE SHORT GAME BUNDLE #3,0.33,5499,4,1.0,1.32
2026-06-22 04:22:12,WIN NAVEE BIRDIE 3 REMOTE #26,3.75,499,6,1.0,22.5
2026-06-22 04:22:12,WIN TAYLORMADE P790 IRONS (5-PW) #275,0.22,10999,107,1.0,23.54
2026-06-22 04:22:12,WIN NEW 2026 DRIVER #359,2.75,439,0,0.0,0.0
2026-06-22 04:22:12,WIN NEW 2026 DRIVER #358,0.15,7999,36,1.0,5.4
2026-06-22 04:22:12,WIN TAYLORMADE R7 QUAD MINI DRIVER #18,3.75,249,0,0.0,0.0
2026-06-22 04:22:12,WIN TAYLORMADE MG5 CHROME WEDGES #75,0.38,2999,44,1.0,16.72
2026-06-22 04:22:12,WIN 2026 TAYLORMADE SPIDER TOUR X TORCHED PUTTER #7,0.25,2999,82,3.0,20.5
2026-06-22 04:22:12,WIN L.A.B OZ1I HS #5,2.2,529,35,7.0,77.0
2026-06-22 04:22:12,WIN SCOTTY CAMERON STUDIO STYLE #129,0.55,1999,8,1.0,4.4
2026-06-22 04:22:12,WIN 2026 FAIRWAY WOOD #95,0.75,1049,3,1.0,2.25
2026-06-22 04:22:12,WIN BUSHNELL TOUR V7 SHIFT #28,3.75,279,0,0.0,0.0
2026-06-22 04:22:12,WIN 4 DOZEN PROV1X #82,0.33,1549,45,3.0,14.85
2026-06-22 04:22:12,WIN 2026 TAYLORMADE QI4D DRIVER #43,3.75,329,0,0.0,0.0
2026-06-22 04:22:12,WIN TAYLORMADE SPIDER TOUR BLACK PUTTER #144,3.75,199,1,1.0,3.75
2026-06-22 04:22:12,WIN 2026 VOKEY SM11 CHROME WEDGES #40,0.55,2199,0,0.0,0.0
2026-06-22 04:22:12,WIN 2026 TAYLORMADE QI4D £3K BUNDLE W/P790 IRONS #2,1.75,3999,11,1.0,19.25
2026-06-22 04:22:12,WIN 2026 TITLEIST GTS WOODS BUNDLE #2,0.33,8999,34,1.0,11.22
2026-06-22 04:22:12,WIN PING SHORT GAME BUNDLE #2,3.75,429,2,1.0,7.5
2026-06-22 04:22:12,WIN 2026 CALLAWAY QUANTUM IRONS 5-PW #17,0.75,2499,5,1.0,3.75
2026-06-22 04:22:12,WIN POWAKADDY FX1 ELECTRIC TROLLEY #119,0.66,1999,3,1.0,1.98
2026-06-22 04:22:12,WIN NEW 2026 DRIVER #361,3.75,329,0,0.0,0.0
2026-06-22 04:22:12,WIN NEW 2026 DRIVER #360,0.55,2199,0,0.0,0.0
2026-06-22 04:22:12,WIN 2026 CALLAWAY QUANTUM MINI DRIVER #16,0.33,2999,6,1.0,1.98
2026-06-22 04:22:12,WIN 2026 VOKEY SM11 JET BLACK WEDGES #35,0.25,4999,20,1.0,5.0
2026-06-22 04:22:12,WIN TAYLORMADE MG5 CHROME WEDGES #76,1.65,699,0,0.0,0.0
2026-06-22 04:22:12,WIN TAYLORMADE SPIDER 5K ZT PUTTER #78,0.75,1499,23,2.0,17.25
2026-06-22 04:22:12,WIN CUSTOM L.A.B DF3 ORANGE #3,3.55,339,2,1.0,7.1
2026-06-22 04:22:12,WIN 2026 ODYSSEY AI DUAL SQ2SQ JAILBIRD #18,0.22,3299,12,1.0,2.64
2026-06-22 04:22:12,WIN TITLEIST T250 UTILITY #7,0.33,1799,4,1.0,1.32
2026-06-22 04:22:12,WIN GARMIN S50 GPS #126,3.75,249,2,1.0,7.5
2026-06-22 04:22:12,WIN GARMIN Z30 RANGEFINDER #7,2.65,299,0,0.0,0.0
2026-06-22 04:22:12,WIN CALLAWAY FAIRWAY C HD BLACK CAMO STAND #1,0.65,699,5,1.0,3.25
2026-06-22 04:22:12,WIN 4 DOZEN TAYLORMADE TP5X PIX #20,0.85,599,2,1.0,1.7
2026-06-22 04:22:12,WIN 2026 TITLEIST GTS DRIVER #11,0.39,3099,0,0.0,0.0
2026-06-22 04:22:12,WIN 2026 TAYLORMADE SPIDER TOUR X TORCHED PUTTER #8,3.75,199,1,1.0,3.75
2026-06-22 04:22:12,WIN 4 DOZEN PROV1 GOLF BALLS #98,0.65,799,2,1.0,1.3
2026-06-22 04:22:12,WIN 2026 PING G440 £3K MEGA BUNDLE #23,0.67,10999,13,1.0,8.71
2026-06-22 04:22:12,"WIN 2026 TAYLORMADE QI4D WOODS (DRIVER, FW, HYBRID) #60",0.35,6999,28,1.0,9.8
2026-06-22 04:22:12,WIN 2026 TITLEIST SHORT GAME BUNDLE #15,2.4,899,0,0.0,0.0
2026-06-22 04:22:12,WIN TAYLORMADE P790 IRONS (5-PW) #276,0.75,3199,6,1.0,4.5
2026-06-22 04:22:12,WIN NAVEE BIRDIE 3 REMOTE #27,0.22,8999,10,1.0,2.2
2026-06-22 04:22:12,WIN NEW 2026 DRIVER #364,3.75,329,0,0.0,0.0
2026-06-22 04:22:12,WIN NEW 2026 DRIVER #363,0.65,1849,0,0.0,0.0
2026-06-22 04:22:12,WIN NEW 2026 DRIVER #362,0.05,23999,92,1.0,4.6
2026-06-22 04:22:12,WIN LTD EDITION CALLAWAY QUANTIUM WORLD CUP MINI DRIVER #1,3.75,299,4,1.0,15.0
2026-06-22 04:22:12,WIN 2026 VOKEY SM11 NICKEL WEDGES #43,0.55,2199,10,1.0,5.5
2026-06-22 04:22:12,WIN 2026 PING S259 CHROME WEDGES #7,3.75,319,0,0.0,0.0
2026-06-22 04:22:12,WIN SCOTTY CAMERON STUDIO STYLE #130,0.55,1999,0,0.0,0.0
2026-06-22 04:22:12,WIN TAYLORMADE SPIDER TOUR BLACK PUTTER #145,0.22,2999,10,1.0,2.2
2026-06-22 04:22:12,WIN L.A.B DF3 #66,3.35,329,2,1.0,6.7
2026-06-22 04:22:12,WIN GARMIN S44 GPS #102,3.25,259,0,0.0,0.0
2026-06-22 04:22:12,WIN SHOTSCOPE PRO L5 RANGEFINDER #3,0.65,899,18,2.0,11.7
2026-06-22 04:22:12,WIN 2026 TAYLORMADE QI4D STAFF STAND #3,0.17,5399,31,1.0,5.27
2026-06-22 04:22:12,WIN 4 DOZEN TAYLORMADE TP5 PIX #20,0.85,599,2,1.0,1.7
2026-06-22 04:22:12,WIN 2026 TAYLORMADE SPIDER TOUR TORCHED PUTTER #6,0.25,2999,0,0.0,0.0
2026-06-22 04:22:12,WIN 2026 PING G440K DRIVER #32,3.75,339,0,0.0,0.0
2026-06-22 04:22:12,WIN 2026 VOKEY SM11 JET BLACK WEDGES #36,1.25,959,0,0.0,0.0
2026-06-22 04:22:12,WIN 2026 TITLEIST GTS £3K MEGA BUNDLE #9,0.39,18999,103,1.0,40.17
2026-06-22 04:22:12,"WIN 2026 CALLAWAY QUANTUM WOODS (DRIVER, FW, HYBRID) #21",0.17,14999,37,1.0,6.29
2026-06-22 04:22:12,WIN MOTOCADDY SE #5,0.35,3999,1,1.0,0.35
2026-06-22 04:22:12,WIN TAYLORMADE P790 IRONS (5-PW) #277,0.12,18999,13,1.0,1.56
2026-06-22 04:22:12,WIN NEW 2026 DRIVER #366,3.35,359,0,0.0,0.0
2026-06-22 04:22:12,WIN NEW 2026 DRIVER #365,0.1,11999,1,1.0,0.1
2026-06-22 04:22:12,WIN TAYLORMADE R7 QUAD MINI DRIVER #19,3.75,249,0,0.0,0.0
2026-06-22 04:22:12,WIN 2026 FAIRWAY WOOD #96,1.75,449,0,0.0,0.0
2026-06-22 04:22:12,WIN TAYLORMADE P SERIES UDI #11,0.44,1199,0,0.0,0.0
2026-06-22 04:22:12,WIN CUSTOM MG5 BLACKOUT WEDGES W/KBS BLACK SHAFT #31,3.75,329,0,0.0,0.0
2026-06-22 04:22:12,WIN CALLAWAY OPUS SP BRUSHED CHROME WEDGES #5,3.75,2499,0,0.0,0.0
2026-06-22 04:22:12,WIN TAYLORMADE SPIDER 5K ZT PUTTER #79,0.75,1499,0,0.0,0.0
2026-06-22 04:22:12,WIN SCOTTY CAMERON PHANTOM #29,3.75,299,1,1.0,3.75
2026-06-22 04:22:12,WIN BUSHNELL TOUR V7 SHIFT #29,0.37,2799,28,1.0,10.36
2026-06-22 04:22:12,WIN 2026 TAYLORMADE QI4D STAFF STAND #4,0.17,5399,0,0.0,0.0
2026-06-22 04:22:12,WIN 4 DOZEN PROV1X #83,0.75,699,0,0.0,0.0
2026-06-22 04:22:12,WIN 2026 TITLEIST SHORT GAME BLACK BUNDLE #4,2.4,899,0,0.0,0.0
2026-06-22 04:22:12,WIN 2026 PING G440 K WOODS BUNDLE #44,0.69,3999,0,0.0,0.0
2026-06-22 04:22:12,WIN LTD EDITION TAYLORMADE P790 SHADOWFALL IRONS (5-PW) #11,3.75,699,0,0.0,0.0
2026-06-22 04:22:12,WIN POWAKADDY RX REMOTE #7,0.33,6999,0,0.0,0.0
2026-06-22 04:22:12,WIN NEW 2026 DRIVER #368,3.75,329,0,0.0,0.0
2026-06-22 04:22:12,WIN NEW 2026 DRIVER #367,0.65,1849,0,0.0,0.0
2026-06-22 04:22:12,WIN LTD EDITION CALLAWAY QUANTIUM WORLD CUP MINI DRIVER #2,3.75,299,0,0.0,0.0
2026-06-22 04:22:12,WIN 2026 VOKEY SM11 CHROME WEDGES #41,0.55,2199,0,0.0,0.0
2026-06-22 04:22:12,WIN TAYLORMADE MG5 CHROME WEDGES #78,1.65,699,0,0.0,0.0
2026-06-22 04:22:12,WIN SCOTTY CAMERON STUDIO STYLE #131,0.65,1649,0,0.0,0.0
2026-06-22 04:22:12,WIN 2026 ODYSSEY DAMASCUS MILLED #12,3.75,289,0,0.0,0.0
2026-06-22 04:22:12,WIN 2026 TAYLORMADE SPIDER TOUR X TORCHED PUTTER #9,3.75,2999,0,0.0,0.0
2026-06-22 04:22:12,WIN 2026 FAIRWAY WOOD #97,0.75,1049,0,0.0,0.0
2026-06-22 04:22:12,WIN SHOTSCOPE LM1 LAUNCH MONITOR #27,1.75,349,0,0.0,0.0
2026-06-22 04:22:12,WIN 2026 CALLAWAY QUANTUM STAFF STAND #4,0.17,5399,23,1.0,3.91
2026-06-22 04:22:12,WIN 4 DOZEN PROV1 GOLF BALLS #99,0.65,799,0,0.0,0.0
2026-06-22 05:08:36,WIN 2026 TAYLORMADE £7.5K MEGA BUNDLE #18,0.66,23999,318,1.0,209.88
2026-06-22 05:08:36,MAJOR INSTANT WIN – 2026 THIRD MAJOR #1,3.75,39999,9902,24.0,37132.5
2026-06-22 05:08:36,WIN A RANGE ROVER SPORT + £3K TITLEIST BUNDLE + £2K TAX FREE CASH #1,0.75,164999,27556,16.0,20667.0
2026-06-22 05:08:36,JUMBO JUNE INSTANT WIN #1,2.5,249999,51196,20.0,127990.0
2026-06-22 05:08:36,THE BIG CLEARANCE INSTANT WIN COMP – 50% OFF – £150K WORTH OF PRIZES #1,0.85,299999,158944,52.0,135102.4
2026-06-22 05:08:36,FREE TO PLAY: WIN A PLACE TO PLAY AT BLITZ GOLF LINCOLN #1,0.0,4999,181,3.0,0.0
2026-06-22 05:08:36,WIN TAYLORMADE SPIDER TOUR BLACK PUTTER #143,0.22,2999,946,31.0,208.12
2026-06-22 05:08:36,WIN 2026 VOKEY SM11 NICKEL WEDGES #41,3.33,359,83,23.0,276.39
2026-06-22 05:08:36,FREE TO PLAY: WIN A TAYLORMADE QI4D MEGA BUNDLE (BLITZ GOLF GIVEAWAY) #1,0.0,9999,1366,13.0,0.0
2026-06-22 05:08:36,WIN 2 X VIP TICKETS TO CADDY COMPS BLITZ GOLF ENGLAND SERIES – LINCOLN EVENT #4,0.0,4999,1056,21.0,0.0
2026-06-22 05:08:36,WIN 2026 TAYLORMADE QI4D DRIVER #42,3.75,329,48,14.0,180.0
2026-06-22 05:08:36,WIN 2026 PING G440 £3K MEGA BUNDLE #22,0.67,10999,1195,10.0,800.65
2026-06-22 05:08:36,"WIN 2026 TAYLORMADE QI4D WOODS (DRIVER, FW, HYBRID) #59",3.75,679,84,12.0,315.0
2026-06-22 05:08:36,WIN POWAKADDY FX1 ELECTRIC TROLLEY #118,0.33,3999,762,19.0,251.46
2026-06-22 05:08:36,WIN TAYLORMADE P790 IRONS (5-PW) #273,0.65,3599,740,21.0,481.0
2026-06-22 05:08:36,WIN NEW 2026 DRIVER #354,3.75,329,23,7.0,86.25
2026-06-22 05:08:36,WIN NEW 2026 DRIVER #353,0.33,3599,284,8.0,93.72
2026-06-22 05:08:36,WIN TAYLORMADE MG5 CHROME WEDGES #74,0.38,2999,243,8.0,92.34
2026-06-22 05:08:36,WIN 2026 FAIRWAY WOOD #94,0.75,1049,137,13.0,102.75
2026-06-22 05:08:36,WIN 2026 TAYLORMADE SPIDER TOUR X TORCHED PUTTER #6,0.25,2999,801,27.0,200.25
2026-06-22 05:08:36,WIN TAYLORMADE SPIDER 5K ZT PUTTER #77,3.75,299,30,10.0,112.5
2026-06-22 05:08:36,WIN SCOTTY CAMERON STUDIO STYLE #127,0.65,1649,80,5.0,52.0
2026-06-22 05:08:36,WIN GARMIN Z30 RANGEFINDER #6,2.65,299,29,10.0,76.85
2026-06-22 05:08:36,WIN OGIO FUSE STAND #15,0.65,799,113,14.0,73.45
2026-06-22 05:08:36,WIN 4 DOZEN PROV1 GOLF BALLS #97,0.65,799,109,14.0,70.85
2026-06-22 05:08:36,FREE TO PLAY: WIN A PLACE TO PLAY AT BLITZ GOLF LONDON #1,0.0,4999,226,5.0,0.0
2026-06-22 05:08:36,WIN 2026 PING S259 CHROME WEDGES #6,3.75,319,8,3.0,30.0
2026-06-22 05:08:36,WIN 2026 TAYLORMADE SPIDER TOUR TORCHED PUTTER #4,0.25,2999,84,3.0,21.0
2026-06-22 05:08:36,WIN 2026 TITLEIST GTS DRIVER #10,3.75,329,7,2.0,26.25
2026-06-22 05:08:36,WIN 2026 TAYLORMADE QI4D £3K BUNDLE #37,0.33,21999,716,3.0,236.28
2026-06-22 05:08:36,WIN 2026 PING G440 K WOODS BUNDLE #43,0.69,3999,65,2.0,44.85
2026-06-22 05:08:36,WIN 2026 TITLEIST SHORT GAME BUNDLE (SS) #14,3.6,599,6,1.0,21.6
2026-06-22 05:08:36,WIN TAYLORMADE P790 IRONS (5-PW) #274,0.33,7199,263,4.0,86.79
2026-06-22 05:08:36,WIN MOTOCADDY M5 GPS #2,0.33,7499,315,4.0,103.95
2026-06-22 05:08:36,WIN NEW 2026 DRIVER #357,3.75,329,4,1.0,15.0
2026-06-22 05:08:36,WIN NEW 2026 DRIVER #356,0.75,1599,3,1.0,2.25
2026-06-22 05:08:36,WIN NEW 2026 DRIVER #355,0.15,7999,73,1.0,10.95
2026-06-22 05:08:36,WIN SHOTSCOPE LM1 LAUNCH MONITOR #26,1.75,349,1,1.0,1.75
2026-06-22 05:08:36,WIN 2026 VOKEY SM11 CHROME WEDGES #39,0.55,2199,67,3.0,36.85
2026-06-22 05:08:36,WIN CUSTOM MG5 BLACKOUT WEDGES W/KBS BLACK SHAFT #30,1.55,799,3,1.0,4.65
2026-06-22 05:08:36,WIN 2026 ODYSSEY DAMASCUS MILLED #11,1.55,3099,6,1.0,9.3
2026-06-22 05:08:36,WIN L.A.B DF3 #65,3.35,329,4,1.0,13.4
2026-06-22 05:08:36,WIN SCOTTY CAMERON STUDIO STYLE #128,0.55,1999,25,1.0,13.75
2026-06-22 05:08:36,WIN TAYLORMADE P SERIES UDI #10,0.22,2199,64,3.0,14.08
2026-06-22 05:08:36,WIN GARMIN S44 GPS #101,3.25,259,13,5.0,42.25
2026-06-22 05:08:36,WIN TITLEIST PLAYERS S4 #4,0.25,1799,21,1.0,5.25
2026-06-22 05:08:36,WIN 4 DOZEN TAYLORMADE TP5X PIX #19,0.85,599,53,9.0,45.05
2026-06-22 05:08:36,WIN 2026 PING G440K DRIVER #30,3.75,339,1,1.0,3.75
2026-06-22 05:08:36,WIN 2026 VOKEY SM11 NICKEL WEDGES #42,3.33,359,1,1.0,3.33
2026-06-22 05:08:36,WIN 2026 TAYLORMADE SPIDER TOUR TORCHED PUTTER #5,0.25,2999,26,1.0,6.5
2026-06-22 05:08:36,WIN 2026 TITLEIST GTS £3K MEGA BUNDLE #8,0.85,8999,196,2.0,166.6
2026-06-22 05:08:36,WIN 2026 TAYLORMADE SHORT GAME BUNDLE #3,0.33,5499,4,1.0,1.32
2026-06-22 05:08:36,WIN NAVEE BIRDIE 3 REMOTE #26,3.75,499,6,1.0,22.5
2026-06-22 05:08:36,WIN TAYLORMADE P790 IRONS (5-PW) #275,0.22,10999,107,1.0,23.54
2026-06-22 05:08:36,WIN NEW 2026 DRIVER #359,2.75,439,0,0.0,0.0
2026-06-22 05:08:36,WIN NEW 2026 DRIVER #358,0.15,7999,36,1.0,5.4
2026-06-22 05:08:36,WIN TAYLORMADE R7 QUAD MINI DRIVER #18,3.75,249,0,0.0,0.0
2026-06-22 05:08:36,WIN TAYLORMADE MG5 CHROME WEDGES #75,0.38,2999,44,1.0,16.72
2026-06-22 05:08:36,WIN 2026 TAYLORMADE SPIDER TOUR X TORCHED PUTTER #7,0.25,2999,82,3.0,20.5
2026-06-22 05:08:36,WIN L.A.B OZ1I HS #5,2.2,529,35,7.0,77.0
2026-06-22 05:08:36,WIN SCOTTY CAMERON STUDIO STYLE #129,0.55,1999,8,1.0,4.4
2026-06-22 05:08:36,WIN 2026 FAIRWAY WOOD #95,0.75,1049,3,1.0,2.25
2026-06-22 05:08:36,WIN BUSHNELL TOUR V7 SHIFT #28,3.75,279,0,0.0,0.0
2026-06-22 05:08:36,WIN 4 DOZEN PROV1X #82,0.33,1549,45,3.0,14.85
2026-06-22 05:08:36,WIN 2026 TAYLORMADE QI4D DRIVER #43,3.75,329,0,0.0,0.0
2026-06-22 05:08:36,WIN TAYLORMADE SPIDER TOUR BLACK PUTTER #144,3.75,199,1,1.0,3.75
2026-06-22 05:08:36,WIN 2026 VOKEY SM11 CHROME WEDGES #40,0.55,2199,0,0.0,0.0
2026-06-22 05:08:36,WIN 2026 TAYLORMADE QI4D £3K BUNDLE W/P790 IRONS #2,1.75,3999,11,1.0,19.25
2026-06-22 05:08:36,WIN 2026 TITLEIST GTS WOODS BUNDLE #2,0.33,8999,34,1.0,11.22
2026-06-22 05:08:36,WIN PING SHORT GAME BUNDLE #2,3.75,429,2,1.0,7.5
2026-06-22 05:08:36,WIN 2026 CALLAWAY QUANTUM IRONS 5-PW #17,0.75,2499,5,1.0,3.75
2026-06-22 05:08:36,WIN POWAKADDY FX1 ELECTRIC TROLLEY #119,0.66,1999,3,1.0,1.98
2026-06-22 05:08:36,WIN NEW 2026 DRIVER #361,3.75,329,0,0.0,0.0
2026-06-22 05:08:36,WIN NEW 2026 DRIVER #360,0.55,2199,0,0.0,0.0
2026-06-22 05:08:36,WIN 2026 CALLAWAY QUANTUM MINI DRIVER #16,0.33,2999,6,1.0,1.98
2026-06-22 05:08:36,WIN 2026 VOKEY SM11 JET BLACK WEDGES #35,0.25,4999,20,1.0,5.0
2026-06-22 05:08:36,WIN TAYLORMADE MG5 CHROME WEDGES #76,1.65,699,0,0.0,0.0
2026-06-22 05:08:36,WIN TAYLORMADE SPIDER 5K ZT PUTTER #78,0.75,1499,23,2.0,17.25
2026-06-22 05:08:36,WIN CUSTOM L.A.B DF3 ORANGE #3,3.55,339,2,1.0,7.1
2026-06-22 05:08:36,WIN 2026 ODYSSEY AI DUAL SQ2SQ JAILBIRD #18,0.22,3299,12,1.0,2.64
2026-06-22 05:08:36,WIN TITLEIST T250 UTILITY #7,0.33,1799,4,1.0,1.32
2026-06-22 05:08:36,WIN GARMIN S50 GPS #126,3.75,249,2,1.0,7.5
2026-06-22 05:08:36,WIN GARMIN Z30 RANGEFINDER #7,2.65,299,0,0.0,0.0
2026-06-22 05:08:36,WIN CALLAWAY FAIRWAY C HD BLACK CAMO STAND #1,0.65,699,5,1.0,3.25
2026-06-22 05:08:36,WIN 4 DOZEN TAYLORMADE TP5X PIX #20,0.85,599,2,1.0,1.7
2026-06-22 05:08:36,WIN 2026 TITLEIST GTS DRIVER #11,0.39,3099,0,0.0,0.0
2026-06-22 05:08:36,WIN 2026 TAYLORMADE SPIDER TOUR X TORCHED PUTTER #8,3.75,199,1,1.0,3.75
2026-06-22 05:08:36,WIN 4 DOZEN PROV1 GOLF BALLS #98,0.65,799,2,1.0,1.3
2026-06-22 05:08:36,WIN 2026 PING G440 £3K MEGA BUNDLE #23,0.67,10999,13,1.0,8.71
2026-06-22 05:08:36,"WIN 2026 TAYLORMADE QI4D WOODS (DRIVER, FW, HYBRID) #60",0.35,6999,28,1.0,9.8
2026-06-22 05:08:36,WIN 2026 TITLEIST SHORT GAME BUNDLE #15,2.4,899,0,0.0,0.0
2026-06-22 05:08:36,WIN TAYLORMADE P790 IRONS (5-PW) #276,0.75,3199,6,1.0,4.5
2026-06-22 05:08:36,WIN NAVEE BIRDIE 3 REMOTE #27,0.22,8999,10,1.0,2.2
2026-06-22 05:08:36,WIN NEW 2026 DRIVER #364,3.75,329,0,0.0,0.0
2026-06-22 05:08:36,WIN NEW 2026 DRIVER #363,0.65,1849,0,0.0,0.0
2026-06-22 05:08:36,WIN NEW 2026 DRIVER #362,0.05,23999,92,1.0,4.6
2026-06-22 05:08:36,WIN LTD EDITION CALLAWAY QUANTIUM WORLD CUP MINI DRIVER #1,3.75,299,4,1.0,15.0
2026-06-22 05:08:36,WIN 2026 VOKEY SM11 NICKEL WEDGES #43,0.55,2199,10,1.0,5.5
2026-06-22 05:08:36,WIN 2026 PING S259 CHROME WEDGES #7,3.75,319,0,0.0,0.0
2026-06-22 05:08:36,WIN SCOTTY CAMERON STUDIO STYLE #130,0.55,1999,0,0.0,0.0
2026-06-22 05:08:36,WIN TAYLORMADE SPIDER TOUR BLACK PUTTER #145,0.22,2999,10,1.0,2.2
2026-06-22 05:08:36,WIN L.A.B DF3 #66,3.35,329,2,1.0,6.7
2026-06-22 05:08:36,WIN GARMIN S44 GPS #102,3.25,259,0,0.0,0.0
2026-06-22 05:08:36,WIN SHOTSCOPE PRO L5 RANGEFINDER #3,0.65,899,18,2.0,11.7
2026-06-22 05:08:36,WIN 2026 TAYLORMADE QI4D STAFF STAND #3,0.17,5399,31,1.0,5.27
2026-06-22 05:08:36,WIN 4 DOZEN TAYLORMADE TP5 PIX #20,0.85,599,2,1.0,1.7
2026-06-22 05:08:36,WIN 2026 TAYLORMADE SPIDER TOUR TORCHED PUTTER #6,0.25,2999,0,0.0,0.0
2026-06-22 05:08:36,WIN 2026 PING G440K DRIVER #32,3.75,339,0,0.0,0.0
2026-06-22 05:08:36,WIN 2026 VOKEY SM11 JET BLACK WEDGES #36,1.25,959,0,0.0,0.0
2026-06-22 05:08:36,WIN 2026 TITLEIST GTS £3K MEGA BUNDLE #9,0.39,18999,103,1.0,40.17
2026-06-22 05:08:36,"WIN 2026 CALLAWAY QUANTUM WOODS (DRIVER, FW, HYBRID) #21",0.17,14999,37,1.0,6.29
2026-06-22 05:08:36,WIN MOTOCADDY SE #5,0.35,3999,1,1.0,0.35
2026-06-22 05:08:36,WIN TAYLORMADE P790 IRONS (5-PW) #277,0.12,18999,13,1.0,1.56
2026-06-22 05:08:36,WIN NEW 2026 DRIVER #366,3.35,359,0,0.0,0.0
2026-06-22 05:08:36,WIN NEW 2026 DRIVER #365,0.1,11999,1,1.0,0.1
2026-06-22 05:08:36,WIN TAYLORMADE R7 QUAD MINI DRIVER #19,3.75,249,0,0.0,0.0
2026-06-22 05:08:36,WIN 2026 FAIRWAY WOOD #96,1.75,449,0,0.0,0.0
2026-06-22 05:08:36,WIN TAYLORMADE P SERIES UDI #11,0.44,1199,0,0.0,0.0
2026-06-22 05:08:36,WIN CUSTOM MG5 BLACKOUT WEDGES W/KBS BLACK SHAFT #31,3.75,329,0,0.0,0.0
2026-06-22 05:08:36,WIN CALLAWAY OPUS SP BRUSHED CHROME WEDGES #5,3.75,2499,0,0.0,0.0
2026-06-22 05:08:36,WIN TAYLORMADE SPIDER 5K ZT PUTTER #79,0.75,1499,0,0.0,0.0
2026-06-22 05:08:36,WIN SCOTTY CAMERON PHANTOM #29,3.75,299,1,1.0,3.75
2026-06-22 05:08:36,WIN BUSHNELL TOUR V7 SHIFT #29,0.37,2799,28,1.0,10.36
2026-06-22 05:08:36,WIN 2026 TAYLORMADE QI4D STAFF STAND #4,0.17,5399,0,0.0,0.0
2026-06-22 05:08:36,WIN 4 DOZEN PROV1X #83,0.75,699,0,0.0,0.0
2026-06-22 05:08:36,WIN 2026 TITLEIST SHORT GAME BLACK BUNDLE #4,2.4,899,0,0.0,0.0
2026-06-22 05:08:36,WIN 2026 PING G440 K WOODS BUNDLE #44,0.69,3999,0,0.0,0.0
2026-06-22 05:08:36,WIN LTD EDITION TAYLORMADE P790 SHADOWFALL IRONS (5-PW) #11,3.75,699,0,0.0,0.0
2026-06-22 05:08:36,WIN POWAKADDY RX REMOTE #7,0.33,6999,0,0.0,0.0
2026-06-22 05:08:36,WIN NEW 2026 DRIVER #368,3.75,329,0,0.0,0.0
2026-06-22 05:08:36,WIN NEW 2026 DRIVER #367,0.65,1849,0,0.0,0.0
2026-06-22 05:08:36,WIN LTD EDITION CALLAWAY QUANTIUM WORLD CUP MINI DRIVER #2,3.75,299,0,0.0,0.0
2026-06-22 05:08:36,WIN 2026 VOKEY SM11 CHROME WEDGES #41,0.55,2199,0,0.0,0.0
2026-06-22 05:08:36,WIN TAYLORMADE MG5 CHROME WEDGES #78,1.65,699,0,0.0,0.0
2026-06-22 05:08:36,WIN SCOTTY CAMERON STUDIO STYLE #131,0.65,1649,0,0.0,0.0
2026-06-22 05:08:36,WIN 2026 ODYSSEY DAMASCUS MILLED #12,3.75,289,0,0.0,0.0
2026-06-22 05:08:36,WIN 2026 TAYLORMADE SPIDER TOUR X TORCHED PUTTER #9,3.75,2999,0,0.0,0.0
2026-06-22 05:08:36,WIN 2026 FAIRWAY WOOD #97,0.75,1049,0,0.0,0.0
2026-06-22 05:08:36,WIN SHOTSCOPE LM1 LAUNCH MONITOR #27,1.75,349,0,0.0,0.0
2026-06-22 05:08:36,WIN 2026 CALLAWAY QUANTUM STAFF STAND #4,0.17,5399,23,1.0,3.91
2026-06-22 05:08:36,WIN 4 DOZEN PROV1 GOLF BALLS #99,0.65,799,0,0.0,0.0
2026-06-24 21:19:23,"PHIL’S FLIP & WIN – 35,000 INSTANT WINS WORTH OVER £250K #1",7.5,70000,1677,2.0,12577.5
2026-06-24 21:19:23,WIN A RANGE ROVER SPORT + £3K TITLEIST BUNDLE + £2K TAX FREE CASH #1,0.75,164999,31934,19.0,23950.5
2026-06-24 21:19:23,JUMBO JUNE INSTANT WIN #1,2.5,249999,55594,22.0,138985.0
2026-06-24 21:19:23,THE BIG CLEARANCE INSTANT WIN COMP – 50% OFF – £150K WORTH OF PRIZES #1,0.85,299999,179253,60.0,152365.05
2026-06-24 21:19:23,WIN 2026 TAYLORMADE £7.5K MEGA BUNDLE #18,0.66,23999,1333,6.0,879.78
2026-06-24 21:19:23,WIN 2026 TAYLORMADE QI4D DRIVER #43,3.75,329,68,21.0,255.0
2026-06-24 21:19:23,WIN TAYLORMADE SPIDER TOUR BLACK PUTTER #144,3.75,199,50,25.0,187.5
2026-06-24 21:19:23,WIN 2026 VOKEY SM11 CHROME WEDGES #40,0.55,2199,685,31.0,376.75
2026-06-24 21:19:23,WIN 2026 TAYLORMADE QI4D £3K BUNDLE W/P790 IRONS #2,1.75,3999,287,7.0,502.25
2026-06-24 21:19:23,WIN 2026 TITLEIST GTS WOODS BUNDLE #2,0.33,8999,1200,13.0,396.0
2026-06-24 21:19:23,WIN PING SHORT GAME BUNDLE #2,3.75,429,8,2.0,30.0
2026-06-24 21:19:23,WIN 2026 CALLAWAY QUANTUM IRONS 5-PW #17,0.75,2499,403,16.0,302.25
2026-06-24 21:19:23,WIN POWAKADDY FX1 ELECTRIC TROLLEY #119,0.66,1999,296,15.0,195.36
2026-06-24 21:19:23,WIN NEW 2026 DRIVER #361,3.75,329,25,8.0,93.75
2026-06-24 21:19:23,WIN NEW 2026 DRIVER #360,0.55,2199,143,7.0,78.65
2026-06-24 21:19:23,WIN 2026 CALLAWAY QUANTUM MINI DRIVER #16,0.33,2999,176,6.0,58.08
2026-06-24 21:19:23,WIN 2026 VOKEY SM11 JET BLACK WEDGES #35,0.25,4999,443,9.0,110.75
2026-06-24 21:19:23,WIN TAYLORMADE MG5 CHROME WEDGES #76,1.65,699,25,4.0,41.25
2026-06-24 21:19:23,WIN TAYLORMADE SPIDER 5K ZT PUTTER #78,0.75,1499,182,12.0,136.5
2026-06-24 21:19:23,WIN CUSTOM L.A.B DF3 ORANGE #3,3.55,339,21,6.0,74.55
2026-06-24 21:19:23,WIN 2026 ODYSSEY AI DUAL SQ2SQ JAILBIRD #18,0.22,3299,180,5.0,39.6
2026-06-24 21:19:23,WIN TITLEIST T250 UTILITY #7,0.33,1799,150,8.0,49.5
2026-06-24 21:19:23,WIN GARMIN S50 GPS #126,3.75,249,33,13.0,123.75
2026-06-24 21:19:23,WIN GARMIN Z30 RANGEFINDER #7,2.65,299,11,4.0,29.15
2026-06-24 21:19:23,WIN CALLAWAY FAIRWAY C HD BLACK CAMO STAND #1,0.65,699,12,2.0,7.8
2026-06-24 21:19:23,WIN 4 DOZEN TAYLORMADE TP5X PIX #20,0.85,599,66,11.0,56.1
2026-06-24 21:19:23,WIN 2026 TITLEIST GTS DRIVER #11,0.39,3099,18,1.0,7.02
2026-06-24 21:19:23,WIN 2026 TAYLORMADE SPIDER TOUR X TORCHED PUTTER #8,3.75,199,3,2.0,11.25
2026-06-24 21:19:23,WIN 4 DOZEN PROV1 GOLF BALLS #98,0.65,799,13,2.0,8.45
2026-06-24 21:19:23,FREE TO PLAY: WIN A TAYLORMADE QI4D MEGA BUNDLE (BLITZ GOLF GIVEAWAY) #1,0.0,9999,1814,18.0,0.0
2026-06-24 21:19:23,WIN 2026 PING G440 £3K MEGA BUNDLE #23,0.67,10999,238,2.0,159.46
2026-06-24 21:19:23,"WIN 2026 TAYLORMADE QI4D WOODS (DRIVER, FW, HYBRID) #60",0.35,6999,116,2.0,40.6
2026-06-24 21:19:23,WIN 2026 TITLEIST SHORT GAME BUNDLE #15,2.4,899,2,1.0,4.8
2026-06-24 21:19:23,WIN TAYLORMADE P790 IRONS (5-PW) #276,0.75,3199,142,4.0,106.5
2026-06-24 21:19:23,WIN NAVEE BIRDIE 3 REMOTE #27,0.22,8999,101,1.0,22.22
2026-06-24 21:19:23,WIN NEW 2026 DRIVER #364,3.75,329,1,1.0,3.75
2026-06-24 21:19:23,WIN NEW 2026 DRIVER #363,0.65,1849,9,1.0,5.85
2026-06-24 21:19:23,WIN NEW 2026 DRIVER #362,0.05,23999,507,2.0,25.35
2026-06-24 21:19:23,WIN LTD EDITION CALLAWAY QUANTIUM WORLD CUP MINI DRIVER #1,3.75,299,4,1.0,15.0
2026-06-24 21:19:23,WIN 2026 VOKEY SM11 NICKEL WEDGES #43,0.55,2199,37,2.0,20.35
2026-06-24 21:19:23,WIN 2026 PING S259 CHROME WEDGES #7,3.75,319,1,1.0,3.75
2026-06-24 21:19:23,WIN SCOTTY CAMERON STUDIO STYLE #130,0.55,1999,29,1.0,15.95
2026-06-24 21:19:23,WIN TAYLORMADE SPIDER TOUR BLACK PUTTER #145,0.22,2999,82,3.0,18.04
2026-06-24 21:19:23,WIN L.A.B DF3 #66,3.35,329,3,1.0,10.05
2026-06-24 21:19:23,WIN GARMIN S44 GPS #102,3.25,259,2,1.0,6.5
2026-06-24 21:19:23,WIN SHOTSCOPE PRO L5 RANGEFINDER #3,0.65,899,41,5.0,26.65
2026-06-24 21:19:23,WIN 2026 TAYLORMADE QI4D STAFF STAND #3,0.17,5399,404,7.0,68.68
2026-06-24 21:19:23,WIN 4 DOZEN TAYLORMADE TP5 PIX #20,0.85,599,12,2.0,10.2
2026-06-24 21:19:23,WIN 1000 TICKETS INTO RANGE ROVER COMP #1,0.45,1699,323,19.0,145.35
2026-06-24 21:19:23,WIN 2026 TAYLORMADE SPIDER TOUR TORCHED PUTTER #6,0.25,2999,42,1.0,10.5
2026-06-24 21:19:23,WIN 2026 PING G440K DRIVER #32,3.75,339,0,0.0,0.0
2026-06-24 21:19:23,WIN 2026 VOKEY SM11 JET BLACK WEDGES #36,1.25,959,15,2.0,18.75
2026-06-24 21:19:23,WIN 2026 TITLEIST GTS £3K MEGA BUNDLE #9,0.39,18999,198,1.0,77.22
2026-06-24 21:19:23,"WIN 2026 CALLAWAY QUANTUM WOODS (DRIVER, FW, HYBRID) #21",0.17,14999,160,1.0,27.2
2026-06-24 21:19:23,WIN MOTOCADDY SE #5,0.35,3999,56,1.0,19.6
2026-06-24 21:19:23,WIN TAYLORMADE P790 IRONS (5-PW) #277,0.12,18999,187,1.0,22.44
2026-06-24 21:19:23,WIN NEW 2026 DRIVER #366,3.35,359,0,0.0,0.0
2026-06-24 21:19:23,WIN NEW 2026 DRIVER #365,0.1,11999,39,1.0,3.9
2026-06-24 21:19:23,WIN TAYLORMADE R7 QUAD MINI DRIVER #19,3.75,249,6,2.0,22.5
2026-06-24 21:19:23,WIN 2026 FAIRWAY WOOD #96,1.75,449,0,0.0,0.0
2026-06-24 21:19:23,WIN TAYLORMADE P SERIES UDI #11,0.44,1199,141,12.0,62.04
2026-06-24 21:19:23,WIN CUSTOM MG5 BLACKOUT WEDGES W/KBS BLACK SHAFT #31,3.75,329,2,1.0,7.5
2026-06-24 21:19:23,WIN CALLAWAY OPUS SP BRUSHED CHROME WEDGES #5,3.75,2499,0,0.0,0.0
2026-06-24 21:19:23,WIN TAYLORMADE SPIDER 5K ZT PUTTER #79,0.75,1499,0,0.0,0.0
2026-06-24 21:19:23,WIN SCOTTY CAMERON PHANTOM #29,3.75,299,2,1.0,7.5
2026-06-24 21:19:23,WIN BUSHNELL TOUR V7 SHIFT #29,0.37,2799,58,2.0,21.46
2026-06-24 21:19:23,WIN 2026 TAYLORMADE QI4D STAFF STAND #4,0.17,5399,15,1.0,2.55
2026-06-24 21:19:23,WIN 4 DOZEN PROV1X #83,0.75,699,5,1.0,3.75
2026-06-24 21:19:23,WIN 1000 TICKETS INTO RANGE ROVER COMP #2,1.79,429,90,21.0,161.1
2026-06-24 21:19:23,WIN 2026 TITLEIST SHORT GAME BLACK BUNDLE #4,2.4,899,2,1.0,4.8
2026-06-24 21:19:23,WIN 2026 PING G440 K WOODS BUNDLE #44,0.69,3999,15,1.0,10.35
2026-06-24 21:19:23,WIN LTD EDITION TAYLORMADE P790 SHADOWFALL IRONS (5-PW) #11,3.75,699,4,1.0,15.0
2026-06-24 21:19:23,WIN POWAKADDY RX REMOTE #7,0.33,6999,174,2.0,57.42
2026-06-24 21:19:23,WIN NEW 2026 DRIVER #368,3.75,329,0,0.0,0.0
2026-06-24 21:19:23,WIN NEW 2026 DRIVER #367,0.65,1849,0,0.0,0.0
2026-06-24 21:19:23,WIN LTD EDITION CALLAWAY QUANTIUM WORLD CUP MINI DRIVER #2,3.75,299,0,0.0,0.0
2026-06-24 21:19:23,WIN 2026 VOKEY SM11 CHROME WEDGES #41,0.55,2199,9,1.0,4.95
2026-06-24 21:19:23,WIN TAYLORMADE MG5 CHROME WEDGES #78,1.65,699,2,1.0,3.3
2026-06-24 21:19:23,WIN SCOTTY CAMERON STUDIO STYLE #131,0.65,1649,0,0.0,0.0
2026-06-24 21:19:23,WIN 2026 ODYSSEY DAMASCUS MILLED #12,3.75,289,0,0.0,0.0
2026-06-24 21:19:23,WIN 2026 TAYLORMADE SPIDER TOUR X TORCHED PUTTER #9,3.75,2999,0,0.0,0.0
2026-06-24 21:19:23,WIN 2026 FAIRWAY WOOD #97,0.75,1049,5,1.0,3.75
2026-06-24 21:19:23,WIN SHOTSCOPE LM1 LAUNCH MONITOR #27,1.75,349,4,1.0,7.0
2026-06-24 21:19:23,WIN 2026 CALLAWAY QUANTUM STAFF STAND #4,0.17,5399,26,1.0,4.42
2026-06-24 21:19:23,WIN 4 DOZEN PROV1 GOLF BALLS #99,0.65,799,5,1.0,3.25
2026-06-24 21:19:23,WIN 2026 TAYLORMADE SPIDER TOUR TORCHED PUTTER #7,3.75,199,0,0.0,0.0
2026-06-24 21:19:23,WIN 2026 VOKEY SM11 NICKEL WEDGES #44,0.55,2199,1,1.0,0.55
2026-06-24 21:19:23,WIN 2026 TAYLORMADE QI4D DRIVER #44,0.75,1599,7,1.0,5.25
2026-06-24 21:19:23,WIN 2026 PING G440 £3K MEGA BUNDLE #24,0.67,10999,17,1.0,11.39
2026-06-24 21:19:23,"WIN 2026 TAYLORMADE QI4D WOODS (DRIVER, FW, HYBRID) #61",3.5,699,10,1.0,35.0
2026-06-24 21:19:23,WIN NAVEE BIRDIE 3 REMOTE #28,0.22,8999,47,1.0,10.34
2026-06-24 21:19:23,WIN TAYLORMADE P790 IRONS (5-PW) #278,1.2,1899,2,1.0,2.4
2026-06-24 21:19:23,WIN NEW 2026 DRIVER #370,2.55,469,0,0.0,0.0
2026-06-24 21:19:23,WIN NEW 2026 DRIVER #369,0.65,1849,0,0.0,0.0
2026-06-24 21:19:23,WIN CUSTOM MG5 BLACKOUT WEDGES W/KBS BLACK SHAFT #32,3.75,329,0,0.0,0.0
2026-06-24 21:19:23,WIN 2026 HYBRID #75,0.22,2999,25,1.0,5.5
2026-06-24 21:19:23,WIN 2026 TAYLORMADE SPIDER TOUR X TORCHED PUTTER #10,0.25,2999,6,1.0,1.5
2026-06-24 21:19:23,WIN SCOTTY CAMERON PHANTOM #30,3.75,299,1,1.0,3.75
2026-06-24 21:19:23,WIN SHOTSCOPE PRO L5 RANGEFINDER #4,0.65,899,0,0.0,0.0
2026-06-24 21:19:23,WIN 2026 CALLAWAY QUANTUM MINI DRIVER #17,0.33,2999,0,0.0,0.0
2026-06-24 21:19:23,WIN 4 DOZEN TAYLORMADE TP5 PIX #21,0.85,599,14,2.0,11.9
2026-06-24 21:19:23,WIN CALLAWAY OPUS SP BRUSHED CHROME WEDGES #6,0.45,2499,0,0.0,0.0
2026-06-24 21:19:23,WIN 2026 TAYLORMADE SPIDER TOUR X TORCHED PUTTER #11,2.5,299,0,0.0,0.0
2026-06-24 21:19:23,WIN 2026 TITLEIST GTS DRIVER #12,0.39,3099,0,0.0,0.0
2026-06-24 21:19:23,WIN 2026 TAYLORMADE QI4D £3K BUNDLE W/P790 IRONS #3,3.75,1899,10,1.0,37.5
2026-06-24 21:19:23,WIN 2026 TITLEIST GTS WOODS BUNDLE #3,0.33,8999,1,1.0,0.33
2026-06-24 21:19:23,WIN PING SHORT GAME BUNDLE #3,0.66,2499,0,0.0,0.0
2026-06-24 21:19:23,WIN TITLEIST T SERIES IRONS 5-PW #55,0.12,19999,419,2.0,50.28
2026-06-24 21:19:23,WIN POWAKADDY FX1 ELECTRIC TROLLEY #120,0.66,1999,0,0.0,0.0
2026-06-24 21:19:23,WIN NEW 2026 DRIVER #373,2.55,469,0,0.0,0.0
2026-06-24 21:19:23,WIN NEW 2026 DRIVER #372,0.65,1849,0,0.0,0.0
2026-06-24 21:19:23,WIN NEW 2026 DRIVER #371,0.1,11999,10,1.0,1.0
2026-06-24 21:19:23,WIN SHOTSCOPE LM1 LAUNCH MONITOR #28,3.75,159,2,1.0,7.5
2026-06-24 21:19:23,WIN 2026 VOKEY SM11 JET BLACK WEDGES #37,1.72,699,0,0.0,0.0
2026-06-24 21:19:23,WIN TAYLORMADE MG5 CHROME WEDGES #79,0.17,6599,3,1.0,0.51
2026-06-24 21:19:23,WIN 2026 TAYLORMADE SPIDER TOUR TORCHED PUTTER #8,0.25,2999,0,0.0,0.0
2026-06-24 21:19:23,WIN TAYLORMADE SPIDER 5K ZT PUTTER #80,0.75,1499,1,1.0,0.75
2026-06-24 21:19:23,WIN 2026 LAB VZN.1I PUTTER #1,3.75,329,1,1.0,3.75
2026-06-24 21:19:23,WIN TAYLORMADE P SERIES UDI #12,0.44,1199,0,0.0,0.0
2026-06-24 21:19:23,WIN GARMIN S44 GPS #103,3.25,259,3,1.0,9.75
2026-06-24 21:19:23,WIN GARMIN Z30 RANGEFINDER #8,0.33,2499,1,1.0,0.33
2026-06-24 21:19:23,WIN 4 DOZEN PROV1X #84,0.75,699,0,0.0,0.0
2026-06-24 21:19:23,WIN SCOTTY CAMERON STUDIO STYLE #133,0.35,1649,0,0.0,0.0
2026-06-24 21:19:23,WIN 2026 PING G440K DRIVER #33,3.75,339,0,0.0,0.0
2026-06-24 21:19:23,WIN TAYLORMADE MG5 CHROME WEDGES #82,0.35,6599,0,0.0,0.0
2026-06-24 21:19:23,WIN 2026 TAYLORMADE SPIDER TOUR TORCHED PUTTER #9,0.25,2999,0,0.0,0.0
2026-06-24 21:19:23,WIN 2026 TITLEIST GTS £3K MEGA BUNDLE #10,0.79,8999,0,0.0,0.0
2026-06-24 21:19:23,"WIN 2026 TAYLORMADE QI4D WOODS (DRIVER, FW, HYBRID) #62",0.35,6999,0,0.0,0.0
2026-06-24 21:19:23,WIN MOTOCADDY M5 GPS #3,3.3,749,0,0.0,0.0
2026-06-24 21:19:23,WIN TAYLORMADE P790 IRONS (5-PW) #279,0.12,18999,0,0.0,0.0
2026-06-24 21:19:23,WIN NEW 2026 DRIVER #375,2.55,469,0,0.0,0.0
2026-06-24 21:19:23,WIN NEW 2026 DRIVER #374,0.65,1849,0,0.0,0.0
2026-06-24 21:19:23,WIN 2026 CALLAWAY QUANTUM MINI DRIVER #18,0.15,6999,0,0.0,0.0
2026-06-24 21:19:23,WIN CUSTOM MG5 BLACKOUT WEDGES W/KBS BLACK SHAFT #33,3.75,299,0,0.0,0.0
2026-06-24 21:19:23,WIN 2026 VOKEY SM11 CHROME WEDGES #42,0.55,2199,0,0.0,0.0
2026-06-24 21:19:23,WIN L.A.B OZ1I HS #6,2.2,529,0,0.0,0.0
2026-06-24 21:19:23,WIN 2026 TAYLORMADE SPIDER TOUR X TORCHED PUTTER #12,0.65,1149,0,0.0,0.0
2026-06-24 21:19:23,WIN 2026 FAIRWAY WOOD #98,0.75,1049,0,0.0,0.0
2026-06-24 21:19:23,WIN GARMIN S44 GPS #104,3.25,259,0,0.0,0.0
2026-06-24 21:19:23,WIN 4 DOZEN PROV1 GOLF BALLS #100,0.85,549,0,0.0,0.0
2026-06-28 20:56:20,"WIN ASTON MARTIN DB11 4.0 V8 OR £70,000 TAX FREE CASH #1",0.79,205999,443,1.0,349.97
2026-06-28 20:56:20,FREE TO PLAY: WIN A TAYLORMADE QI4D MEGA BUNDLE (BLITZ GOLF GIVEAWAY) #1,0.0,9999,2785,28.0,0.0
2026-06-28 20:56:20,THE BIG CLEARANCE INSTANT WIN COMP – 50% OFF – £150K WORTH OF PRIZES #1,0.85,299999,211431,70.0,179716.35
2026-06-28 20:56:20,JUMBO JUNE INSTANT WIN #1,2.5,249999,65904,26.0,164760.0
2026-06-28 20:56:20,"PHIL’S FLIP & WIN – 35,000 INSTANT WINS WORTH OVER £250K #1",7.5,70000,4244,6.0,31830.0
2026-06-28 20:56:20,WIN 2026 TAYLORMADE SPIDER TOUR TORCHED PUTTER #7,3.75,199,66,33.0,247.5
2026-06-28 20:56:20,WIN 2026 VOKEY SM11 NICKEL WEDGES #44,0.55,2199,279,13.0,153.45
2026-06-28 20:56:20,WIN 2026 TAYLORMADE QI4D DRIVER #44,0.75,1599,223,14.0,167.25
2026-06-28 20:56:20,WIN 2026 PING G440 £3K MEGA BUNDLE #24,0.67,10999,808,7.0,541.36
2026-06-28 20:56:20,"WIN 2026 TAYLORMADE QI4D WOODS (DRIVER, FW, HYBRID) #61",3.5,699,51,7.0,178.5
2026-06-28 20:56:20,WIN NAVEE BIRDIE 3 REMOTE #28,0.22,8999,1919,21.0,422.18
2026-06-28 20:56:20,WIN TAYLORMADE P790 IRONS (5-PW) #278,1.2,1899,226,12.0,271.2
2026-06-28 20:56:20,WIN NEW 2026 DRIVER #370,2.55,469,7,1.0,17.85
2026-06-28 20:56:20,WIN NEW 2026 DRIVER #369,0.65,1849,158,9.0,102.7
2026-06-28 20:56:20,WIN CUSTOM MG5 BLACKOUT WEDGES W/KBS BLACK SHAFT #32,3.75,329,19,6.0,71.25
2026-06-28 20:56:20,WIN 2026 HYBRID #75,0.22,2999,469,16.0,103.18
2026-06-28 20:56:20,WIN 2026 TAYLORMADE SPIDER TOUR X TORCHED PUTTER #10,0.25,2999,591,20.0,147.75
2026-06-28 20:56:20,WIN SCOTTY CAMERON PHANTOM #30,3.75,299,8,3.0,30.0
2026-06-28 20:56:20,WIN SHOTSCOPE PRO L5 RANGEFINDER #4,0.65,899,53,6.0,34.45
2026-06-28 20:56:20,WIN 2026 CALLAWAY QUANTUM MINI DRIVER #17,0.33,2999,74,2.0,24.42
2026-06-28 20:56:20,WIN 4 DOZEN TAYLORMADE TP5 PIX #21,0.85,599,48,8.0,40.8
2026-06-28 20:56:20,WIN CALLAWAY OPUS SP BRUSHED CHROME WEDGES #6,0.45,2499,38,2.0,17.1
2026-06-28 20:56:20,WIN 2026 TAYLORMADE SPIDER TOUR X TORCHED PUTTER #11,2.5,299,29,10.0,72.5
2026-06-28 20:56:20,WIN 2026 TITLEIST GTS DRIVER #12,0.39,3099,53,2.0,20.67
2026-06-28 20:56:20,WIN 2026 TAYLORMADE QI4D £3K BUNDLE W/P790 IRONS #3,3.75,1899,18,1.0,67.5
2026-06-28 20:56:20,WIN 2026 TITLEIST GTS WOODS BUNDLE #3,0.33,8999,329,4.0,108.57
2026-06-28 20:56:20,WIN PING SHORT GAME BUNDLE #3,0.66,2499,43,2.0,28.38
2026-06-28 20:56:20,WIN TITLEIST T SERIES IRONS 5-PW #55,0.12,19999,2251,11.0,270.12
2026-06-28 20:56:20,WIN POWAKADDY FX1 ELECTRIC TROLLEY #120,0.66,1999,134,7.0,88.44
2026-06-28 20:56:20,WIN NEW 2026 DRIVER #373,2.55,469,0,0.0,0.0
2026-06-28 20:56:20,WIN NEW 2026 DRIVER #372,0.65,1849,3,1.0,1.95
2026-06-28 20:56:20,WIN NEW 2026 DRIVER #371,0.1,11999,472,4.0,47.2
2026-06-28 20:56:20,WIN SHOTSCOPE LM1 LAUNCH MONITOR #28,3.75,159,15,9.0,56.25
2026-06-28 20:56:20,WIN 2026 VOKEY SM11 JET BLACK WEDGES #37,1.72,699,5,1.0,8.6
2026-06-28 20:56:20,WIN TAYLORMADE MG5 CHROME WEDGES #79,0.17,6599,89,1.0,15.13
2026-06-28 20:56:20,WIN 2026 TAYLORMADE SPIDER TOUR TORCHED PUTTER #8,0.25,2999,196,7.0,49.0
2026-06-28 20:56:20,WIN TAYLORMADE SPIDER 5K ZT PUTTER #80,0.75,1499,23,2.0,17.25
2026-06-28 20:56:20,WIN 2026 LAB VZN.1I PUTTER #1,3.75,329,13,4.0,48.75
2026-06-28 20:56:20,WIN TAYLORMADE P SERIES UDI #12,0.44,1199,34,3.0,14.96
2026-06-28 20:56:20,WIN GARMIN S44 GPS #103,3.25,259,26,10.0,84.5
2026-06-28 20:56:20,WIN GARMIN Z30 RANGEFINDER #8,0.33,2499,18,1.0,5.94
2026-06-28 20:56:20,WIN 4 DOZEN PROV1X #84,0.75,699,45,6.0,33.75
2026-06-28 20:56:20,WIN SCOTTY CAMERON STUDIO STYLE #133,0.35,1649,64,4.0,22.4
2026-06-28 20:56:20,WIN 2026 PING G440K DRIVER #33,3.75,339,2,1.0,7.5
2026-06-28 20:56:20,WIN TAYLORMADE MG5 CHROME WEDGES #82,0.35,6599,66,1.0,23.1
2026-06-28 20:56:20,WIN 2026 TAYLORMADE SPIDER TOUR TORCHED PUTTER #9,0.25,2999,159,5.0,39.75
2026-06-28 20:56:20,WIN 2026 TITLEIST GTS £3K MEGA BUNDLE #10,0.79,8999,167,2.0,131.93
2026-06-28 20:56:20,"WIN 2026 TAYLORMADE QI4D WOODS (DRIVER, FW, HYBRID) #62",0.35,6999,99,1.0,34.65
2026-06-28 20:56:20,WIN MOTOCADDY M5 GPS #3,3.3,749,40,5.0,132.0
2026-06-28 20:56:20,WIN TAYLORMADE P790 IRONS (5-PW) #279,0.12,18999,475,3.0,57.0
2026-06-28 20:56:20,WIN NEW 2026 DRIVER #375,2.55,469,0,0.0,0.0
2026-06-28 20:56:20,WIN NEW 2026 DRIVER #374,0.65,1849,2,1.0,1.3
2026-06-28 20:56:20,WIN 2026 CALLAWAY QUANTUM MINI DRIVER #18,0.15,6999,0,0.0,0.0
2026-06-28 20:56:20,WIN CUSTOM MG5 BLACKOUT WEDGES W/KBS BLACK SHAFT #33,3.75,299,1,1.0,3.75
2026-06-28 20:56:20,WIN 2026 VOKEY SM11 CHROME WEDGES #42,0.55,2199,129,6.0,70.95
2026-06-28 20:56:20,WIN L.A.B OZ1I HS #6,2.2,529,4,1.0,8.8
2026-06-28 20:56:20,WIN 2026 TAYLORMADE SPIDER TOUR X TORCHED PUTTER #12,0.65,1149,32,3.0,20.8
2026-06-28 20:56:20,WIN 2026 FAIRWAY WOOD #98,0.75,1049,0,0.0,0.0
2026-06-28 20:56:20,WIN GARMIN S44 GPS #104,3.25,259,15,6.0,48.75
2026-06-28 20:56:20,WIN 4 DOZEN PROV1 GOLF BALLS #100,0.85,549,6,1.0,5.1
2026-06-28 20:56:20,WIN 2026 TAYLORMADE QI4D DRIVER #45,3.75,329,4,1.0,15.0
2026-06-28 20:56:20,WIN 2026 TAYLORMADE SPIDER TOUR X TORCHED PUTTER #13,0.25,2999,54,2.0,13.5
2026-06-28 20:56:20,WIN 2026 VOKEY SM11 CHROME WEDGES #43,0.55,2199,0,0.0,0.0
2026-06-28 20:56:20,WIN 2026 CALLAWAY QUANTUM MINI DRIVER #19,0.15,6999,50,1.0,7.5
2026-06-28 20:56:20,WIN 2026 PING G440 £3K MEGA BUNDLE #25,2.75,2599,1,1.0,2.75
2026-06-28 20:56:20,"WIN 2026 CALLAWAY QUANTUM WOODS (DRIVER, FW, HYBRID) #22",0.33,7999,48,1.0,15.84
2026-06-28 20:56:20,WIN 2026 TITLEIST SHORT GAME BLACK BUNDLE #5,0.25,8999,13,1.0,3.25
2026-06-28 20:56:20,WIN TAYLORMADE P790 IRONS (5-PW) #280,0.33,6999,19,1.0,6.27
2026-06-28 20:56:20,WIN NAVEE BIRDIE 3 REMOTE #29,2.2,899,7,1.0,15.4
2026-06-28 20:56:20,WIN NEW 2026 DRIVER #377,3.75,329,4,1.0,15.0
2026-06-28 20:56:20,WIN NEW 2026 DRIVER #376,0.65,1849,0,0.0,0.0
2026-06-28 20:56:20,WIN TAYLORMADE R7 QUAD MINI DRIVER #20,3.75,249,0,0.0,0.0
2026-06-28 20:56:20,WIN 2026 VOKEY SM11 JET BLACK WEDGES #38,3.75,329,5,2.0,18.75
2026-06-28 20:56:20,WIN TAYLORMADE MG5 CHROME WEDGES #80,0.35,2999,11,1.0,3.85
2026-06-28 20:56:20,WIN 2026 TAYLORMADE SPIDER TOUR TORCHED PUTTER #10,2.5,299,0,0.0,0.0
2026-06-28 20:56:20,WIN SCOTTY CAMERON STUDIO STYLE #132,0.65,1649,20,1.0,13.0
2026-06-28 20:56:20,WIN 2026 ODYSSEY AI DUAL SQ2SQ JAILBIRD #19,0.22,3299,25,1.0,5.5
2026-06-28 20:56:20,WIN TAYLORMADE P SERIES UDI #13,0.88,599,0,0.0,0.0
2026-06-28 20:56:20,WIN BUSHNELL TOUR V7 SHIFT #30,0.37,2799,11,1.0,4.07
2026-06-28 20:56:20,WIN SHOTSCOPE LM1 LAUNCH MONITOR #29,1.75,349,0,0.0,0.0
2026-06-28 20:56:20,WIN 4 DOZEN TAYLORMADE TP5 PIX #22,0.85,599,10,2.0,8.5
2026-06-28 20:56:20,WIN 2026 TITLEIST GTS DRIVER #13,0.39,3099,0,0.0,0.0
2026-06-28 20:56:20,WIN 2026 TAYLORMADE SPIDER TOUR TORCHED PUTTER #11,0.5,1499,8,1.0,4.0
2026-06-28 20:56:20,WIN TAYLORMADE MG5 CHROME WEDGES #81,3.75,299,0,0.0,0.0
2026-06-28 20:56:20,WIN 2026 ODYSSEY AI DUAL SQ2SQ JAILBIRD #21,0.22,3299,2,1.0,0.44
2026-06-28 20:56:20,WIN 2026 TAYLORMADE QI4D £3K BUNDLE #38,0.33,21999,60,1.0,19.8
2026-06-28 20:56:20,WIN 2026 TITLEIST GTS WOODS BUNDLE #4,3.75,799,0,0.0,0.0
2026-06-28 20:56:20,WIN PING SHORT GAME BUNDLE #4,0.37,4299,1,1.0,0.37
2026-06-28 20:56:20,WIN LTD EDITION TAYLORMADE P790 SHADOWFALL IRONS (5-PW) #12,3.75,699,1,1.0,3.75
2026-06-28 20:56:20,WIN POWAKADDY FX1 ELECTRIC TROLLEY #121,3.3,399,8,2.0,26.4
2026-06-28 20:56:20,WIN NEW 2026 DRIVER #379,1.75,699,0,0.0,0.0
2026-06-28 20:56:20,WIN NEW 2026 DRIVER #378,0.33,3599,0,0.0,0.0
2026-06-28 20:56:20,WIN TITLEIST GT280 MINI DRIVER (RH STIFF) #8,3.75,299,0,0.0,0.0
2026-06-28 20:56:20,WIN 2026 VOKEY SM11 NICKEL WEDGES #45,0.55,2199,5,1.0,2.75
2026-06-28 20:56:20,WIN CUSTOM MG5 BLACKOUT WEDGES W/KBS BLACK SHAFT #34,3.75,299,1,1.0,3.75
2026-06-28 20:56:20,WIN 2026 TAYLORMADE SPIDER TOUR X TORCHED PUTTER #14,0.37,199,21,11.0,7.77
2026-06-28 20:56:20,WIN TAYLORMADE SPIDER 5K ZT PUTTER #81,0.37,2999,0,0.0,0.0
2026-06-28 20:56:20,WIN SCOTTY CAMERON PHANTOM #31,0.75,1499,24,2.0,18.0
2026-06-28 20:56:20,WIN GARMIN Z30 RANGEFINDER #9,0.66,1249,0,0.0,0.0
2026-06-28 20:56:20,WIN CALLAWAY FAIRWAY C HD BLACK CAMO STAND #2,0.65,699,0,0.0,0.0
2026-06-28 20:56:20,WIN 4 DOZEN PROV1X #85,0.75,699,5,1.0,3.75
2026-06-28 20:56:20,WIN 2026 TAYLORMADE SPIDER TOUR X TORCHED PUTTER #15,0.25,2999,1,1.0,0.25
2026-06-28 20:56:20,WIN 2026 TAYLORMADE QI4D DRIVER #46,0.17,329,52,16.0,8.84
2026-06-28 20:56:20,WIN 2026 VOKEY SM11 CHROME WEDGES #44,0.12,9999,89,1.0,10.68
2026-06-28 20:56:20,WIN 2026 TITLEIST GTS £3K MEGA BUNDLE #11,0.17,43999,65,1.0,11.05
2026-06-28 20:56:20,"WIN 2026 TAYLORMADE QI4D WOODS (DRIVER, FW, HYBRID) #63",0.7,3499,0,0.0,0.0
2026-06-28 20:56:20,WIN MOTOCADDY SE #4,0.7,3999,20,1.0,14.0
2026-06-28 20:56:20,WIN TAYLORMADE P790 IRONS (5-PW) #281,3.75,599,0,0.0,0.0
2026-06-28 20:56:20,WIN NEW 2026 DRIVER #381,3.75,329,0,0.0,0.0
2026-06-28 20:56:20,WIN NEW 2026 DRIVER #380,0.1,11999,43,1.0,4.3
2026-06-28 20:56:20,WIN 2026 FAIRWAY WOOD #99,0.75,1049,10,1.0,7.5
2026-06-28 20:56:20,WIN TAYLORMADE P SERIES UDI #14,0.22,2399,0,0.0,0.0
2026-06-28 20:56:20,WIN TAYLORMADE MG5 CHROME WEDGES #82,0.37,2999,0,0.0,0.0
2026-06-28 20:56:20,WIN 2026 VOKEY SM11 JET BLACK WEDGES #46,3.75,329,0,0.0,0.0
2026-06-28 20:56:20,WIN 2026 TAYLORMADE SPIDER TOUR TORCHED PUTTER #12,3.75,199,0,0.0,0.0
2026-06-28 20:56:20,WIN TAYLORMADE SPIDER TOUR BLACK PUTTER #146,0.22,2999,16,1.0,3.52
2026-06-28 20:56:20,WIN SHOTSCOPE LM1 LAUNCH MONITOR #30,3.49,179,0,0.0,0.0
2026-06-28 20:56:20,WIN 2026 TAYLORMADE QI4D STAFF STAND #5,0.17,5399,68,1.0,11.56
2026-06-28 20:56:20,WIN 4 DOZEN PROV1 GOLF BALLS #101,0.44,1049,13,1.0,5.72
2026-06-28 20:56:20,WIN TAG HEUER CONNECTED CALIBRE E5 X TAYLORMADE EDITION #1,0.25,19999,25,1.0,6.25
2026-06-28 20:56:20,WIN 2026 TAYLORMADE £7.5K MEGA BUNDLE #37,0.66,23999,0,0.0,0.0
2026-06-28 20:56:20,WIN 2026 TITLEIST SHORT GAME CHROME BUNDLE #6,2.55,899,0,0.0,0.0
2026-06-28 20:56:20,WIN 2026 PING G440 K WOODS BUNDLE #45,0.69,3999,0,0.0,0.0
2026-06-28 20:56:20,WIN POWAKADDY RX REMOTE #8,0.33,6999,0,0.0,0.0
2026-06-28 20:56:20,WIN TITLEIST T SERIES IRONS 5-PW #56,0.12,19999,0,0.0,0.0
2026-06-28 20:56:20,WIN LTD EDITION TAYLORMADE P790 SHADOWFALL IRONS (5-PW) #13,0.65,3999,0,0.0,0.0
2026-06-28 20:56:20,WIN NEW 2026 DRIVER #384,3.75,329,0,0.0,0.0
2026-06-28 20:56:20,WIN NEW 2026 DRIVER #383,0.33,3599,0,0.0,0.0
2026-06-28 20:56:20,WIN NEW 2026 DRIVER #382,0.07,16999,0,0.0,0.0
2026-06-28 20:56:20,WIN 2026 CALLAWAY QUANTUM MINI DRIVER #20,0.77,1299,0,0.0,0.0
2026-06-28 20:56:20,"WIN TAYLORMADE MG5 RED BULL WEDGES (52,56,60) #1",0.19,9999,0,0.0,0.0
2026-06-28 20:56:20,WIN 2026 VOKEY SM11 NICKEL WEDGES #46,0.55,2199,0,0.0,0.0
2026-06-28 20:56:20,WIN 2026 TAYLORMADE SPIDER TOUR X TORCHED PUTTER #16,2.5,299,0,0.0,0.0
2026-06-28 20:56:20,WIN SCOTTY CAMERON STUDIO STYLE #134,0.12,8999,0,0.0,0.0
2026-06-28 20:56:20,WIN 2026 ODYSSEY AI DUAL SQ2SQ JAILBIRD #20,0.22,3299,0,0.0,0.0
2026-06-28 20:56:20,WIN BUSHNELL TOUR V7 SHIFT #31,3.7,279,0,0.0,0.0
2026-06-28 20:56:20,WIN SHOTSCOPE LM1 LAUNCH MONITOR #31,1.75,349,0,0.0,0.0
2026-06-28 20:56:20,WIN CALLAWAY FAIRWAY C HD BLACK CAMO STAND #3,0.65,699,0,0.0,0.0
2026-06-28 20:56:20,WIN 4 DOZEN TAYLORMADE TP5 PIX #23,0.85,599,0,0.0,0.0
2026-07-01 21:22:34,"WIN ASTON MARTIN DB11 4.0 V8 OR £70,000 TAX FREE CASH #1",0.79,205999,5468,3.0,4319.72
2026-07-01 21:22:34,HUGE JULY INSTANT WIN – 4000 INSTANT WIN PRIZES WORTH £400K #1,2.75,299999,6514,2.0,17913.5
2026-07-01 21:22:34,"PHIL’S FLIP & WIN – 35,000 INSTANT WINS WORTH OVER £250K #1",7.5,70000,5896,8.0,44220.0
2026-07-01 21:22:34,WIN TAG HEUER CONNECTED CALIBRE E5 X TAYLORMADE EDITION #1,0.25,19999,9582,48.0,2395.5
2026-07-01 21:22:34,WIN 2026 TAYLORMADE QI4D DRIVER #45,3.75,329,65,20.0,243.75
2026-07-01 21:22:34,WIN 2026 TAYLORMADE SPIDER TOUR X TORCHED PUTTER #13,0.25,2999,899,30.0,224.75
2026-07-01 21:22:34,WIN 2026 VOKEY SM11 CHROME WEDGES #43,0.55,2199,253,12.0,139.15
2026-07-01 21:22:34,WIN 2026 CALLAWAY QUANTUM MINI DRIVER #19,0.15,6999,664,9.0,99.6
2026-07-01 21:22:34,WIN 2026 PING G440 £3K MEGA BUNDLE #25,2.75,2599,160,6.0,440.0
2026-07-01 21:22:34,"WIN 2026 CALLAWAY QUANTUM WOODS (DRIVER, FW, HYBRID) #22",0.33,7999,345,4.0,113.85
2026-07-01 21:22:34,WIN 2026 TITLEIST SHORT GAME BLACK BUNDLE #5,0.25,8999,445,5.0,111.25
2026-07-01 21:22:34,WIN TAYLORMADE P790 IRONS (5-PW) #280,0.33,6999,499,7.0,164.67
2026-07-01 21:22:34,WIN NAVEE BIRDIE 3 REMOTE #29,2.2,899,122,14.0,268.4
2026-07-01 21:22:34,WIN NEW 2026 DRIVER #377,3.75,329,21,6.0,78.75
2026-07-01 21:22:34,WIN NEW 2026 DRIVER #376,0.65,1849,142,8.0,92.3
2026-07-01 21:22:34,WIN TAYLORMADE R7 QUAD MINI DRIVER #20,3.75,249,19,8.0,71.25
2026-07-01 21:22:34,WIN 2026 VOKEY SM11 JET BLACK WEDGES #38,3.75,329,30,9.0,112.5
2026-07-01 21:22:34,WIN TAYLORMADE MG5 CHROME WEDGES #80,0.35,2999,215,7.0,75.25
2026-07-01 21:22:34,WIN 2026 TAYLORMADE SPIDER TOUR TORCHED PUTTER #10,2.5,299,52,17.0,130.0
2026-07-01 21:22:34,WIN SCOTTY CAMERON STUDIO STYLE #132,0.65,1649,170,10.0,110.5
2026-07-01 21:22:34,WIN 2026 ODYSSEY AI DUAL SQ2SQ JAILBIRD #19,0.22,3299,349,11.0,76.78
2026-07-01 21:22:34,WIN TAYLORMADE P SERIES UDI #13,0.88,599,46,8.0,40.48
2026-07-01 21:22:34,WIN BUSHNELL TOUR V7 SHIFT #30,0.37,2799,362,13.0,133.94
2026-07-01 21:22:34,WIN SHOTSCOPE LM1 LAUNCH MONITOR #29,1.75,349,8,2.0,14.0
2026-07-01 21:22:34,WIN 4 DOZEN TAYLORMADE TP5 PIX #22,0.85,599,82,14.0,69.7
2026-07-01 21:22:34,WIN ROLEX BLUESY SUBMARINER + CUSTOM SCOTTY OR £10K TAX FREE CASH #2,0.55,39999,1805,5.0,992.75
2026-07-01 21:22:34,WIN 2026 TITLEIST GTS DRIVER #13,0.39,3099,5,1.0,1.95
2026-07-01 21:22:34,WIN 2026 TAYLORMADE SPIDER TOUR TORCHED PUTTER #11,0.5,1499,30,2.0,15.0
2026-07-01 21:22:34,WIN TAYLORMADE MG5 CHROME WEDGES #81,3.75,299,5,2.0,18.75
2026-07-01 21:22:34,WIN 2026 ODYSSEY AI DUAL SQ2SQ JAILBIRD #21,0.22,3299,33,1.0,7.26
2026-07-01 21:22:34,WIN 2026 TAYLORMADE QI4D £3K BUNDLE #38,0.33,21999,413,2.0,136.29
2026-07-01 21:22:34,WIN 2026 TITLEIST GTS WOODS BUNDLE #4,3.75,799,24,3.0,90.0
2026-07-01 21:22:34,WIN PING SHORT GAME BUNDLE #4,0.37,4299,12,1.0,4.44
2026-07-01 21:22:34,WIN LTD EDITION TAYLORMADE P790 SHADOWFALL IRONS (5-PW) #12,3.75,699,40,6.0,150.0
2026-07-01 21:22:34,WIN POWAKADDY FX1 ELECTRIC TROLLEY #121,3.3,399,11,3.0,36.3
2026-07-01 21:22:34,WIN NEW 2026 DRIVER #379,1.75,699,0,0.0,0.0
2026-07-01 21:22:34,WIN NEW 2026 DRIVER #378,0.33,3599,1,1.0,0.33
2026-07-01 21:22:34,WIN TITLEIST GT280 MINI DRIVER (RH STIFF) #8,3.75,299,16,5.0,60.0
2026-07-01 21:22:34,WIN 2026 VOKEY SM11 NICKEL WEDGES #45,0.55,2199,11,1.0,6.05
2026-07-01 21:22:34,WIN CUSTOM MG5 BLACKOUT WEDGES W/KBS BLACK SHAFT #34,3.75,299,5,1.0,18.75
2026-07-01 21:22:34,WIN 2026 TAYLORMADE SPIDER TOUR X TORCHED PUTTER #14,0.37,199,199,100.0,73.63
2026-07-01 21:22:34,WIN TAYLORMADE SPIDER 5K ZT PUTTER #81,0.37,2999,59,2.0,21.83
2026-07-01 21:22:34,WIN SCOTTY CAMERON PHANTOM #31,0.75,1499,26,2.0,19.5
2026-07-01 21:22:34,WIN GARMIN Z30 RANGEFINDER #9,0.66,1249,7,1.0,4.62
2026-07-01 21:22:34,WIN CALLAWAY FAIRWAY C HD BLACK CAMO STAND #2,0.65,699,41,6.0,26.65
2026-07-01 21:22:34,WIN 4 DOZEN PROV1X #85,0.75,699,64,9.0,48.0
2026-07-01 21:22:34,WIN 2026 TAYLORMADE SPIDER TOUR X TORCHED PUTTER #15,0.25,2999,7,1.0,1.75
2026-07-01 21:22:34,WIN 2026 TAYLORMADE QI4D DRIVER #46,0.17,329,329,100.0,55.93
2026-07-01 21:22:34,WIN 2026 VOKEY SM11 CHROME WEDGES #44,0.12,9999,128,1.0,15.36
2026-07-01 21:22:34,WIN 1000 TICKETS INTO 7.5K MEGA BUNDLE COMP #39,0.89,749,19,3.0,16.91
2026-07-01 21:22:34,WIN 2026 TITLEIST GTS £3K MEGA BUNDLE #11,0.17,43999,555,1.0,94.35
2026-07-01 21:22:34,"WIN 2026 TAYLORMADE QI4D WOODS (DRIVER, FW, HYBRID) #63",0.7,3499,3,1.0,2.1
2026-07-01 21:22:34,WIN MOTOCADDY SE #4,0.7,3999,43,1.0,30.1
2026-07-01 21:22:34,WIN TAYLORMADE P790 IRONS (5-PW) #281,3.75,599,0,0.0,0.0
2026-07-01 21:22:34,WIN NEW 2026 DRIVER #381,3.75,329,0,0.0,0.0
2026-07-01 21:22:34,WIN NEW 2026 DRIVER #380,0.1,11999,58,1.0,5.8
2026-07-01 21:22:34,WIN 2026 FAIRWAY WOOD #99,0.75,1049,10,1.0,7.5
2026-07-01 21:22:34,WIN TAYLORMADE P SERIES UDI #14,0.22,2399,92,4.0,20.24
2026-07-01 21:22:34,WIN TAYLORMADE MG5 CHROME WEDGES #83,0.37,2999,0,0.0,0.0
2026-07-01 21:22:34,WIN 2026 VOKEY SM11 JET BLACK WEDGES #46,3.75,329,0,0.0,0.0
2026-07-01 21:22:34,WIN 2026 TAYLORMADE SPIDER TOUR TORCHED PUTTER #12,3.75,199,0,0.0,0.0
2026-07-01 21:22:34,WIN TAYLORMADE SPIDER TOUR BLACK PUTTER #146,0.22,2999,26,1.0,5.72
2026-07-01 21:22:34,WIN SHOTSCOPE LM1 LAUNCH MONITOR #30,3.49,179,0,0.0,0.0
2026-07-01 21:22:34,WIN 2026 TAYLORMADE QI4D STAFF STAND #5,0.17,5399,243,5.0,41.31
2026-07-01 21:22:34,WIN 4 DOZEN PROV1 GOLF BALLS #101,0.44,1049,14,1.0,6.16
2026-07-01 21:22:34,WIN 1000 TICKETS INTO 7.5K MEGA BUNDLE COMP #40,1.49,449,34,8.0,50.66
2026-07-01 21:22:34,WIN 2026 TAYLORMADE £7.5K MEGA BUNDLE #37,0.66,23999,395,2.0,260.7
2026-07-01 21:22:34,WIN 2026 TITLEIST SHORT GAME CHROME BUNDLE #6,2.55,899,5,1.0,12.75
2026-07-01 21:22:34,WIN 2026 PING G440 K WOODS BUNDLE #45,0.69,3999,22,1.0,15.18
2026-07-01 21:22:34,WIN POWAKADDY RX REMOTE #8,0.33,6999,182,3.0,60.06
2026-07-01 21:22:34,WIN TITLEIST T SERIES IRONS 5-PW #56,0.12,19999,450,2.0,54.0
2026-07-01 21:22:34,WIN LTD EDITION TAYLORMADE P790 SHADOWFALL IRONS (5-PW) #13,0.65,3999,20,1.0,13.0
2026-07-01 21:22:34,WIN NEW 2026 DRIVER #384,3.75,329,0,0.0,0.0
2026-07-01 21:22:34,WIN NEW 2026 DRIVER #383,0.33,3599,1,1.0,0.33
2026-07-01 21:22:34,WIN NEW 2026 DRIVER #382,0.07,16999,56,1.0,3.92
2026-07-01 21:22:34,WIN 2026 CALLAWAY QUANTUM MINI DRIVER #20,0.77,1299,0,0.0,0.0
2026-07-01 21:22:34,"WIN TAYLORMADE MG5 RED BULL WEDGES (52,56,60) #1",0.19,9999,245,2.0,46.55
2026-07-01 21:22:34,WIN 2026 VOKEY SM11 NICKEL WEDGES #46,0.55,2199,2,1.0,1.1
2026-07-01 21:22:34,WIN 2026 TAYLORMADE SPIDER TOUR X TORCHED PUTTER #16,2.5,299,0,0.0,0.0
2026-07-01 21:22:34,WIN SCOTTY CAMERON STUDIO STYLE #134,0.12,8999,6,1.0,0.72
2026-07-01 21:22:34,WIN 2026 ODYSSEY AI DUAL SQ2SQ JAILBIRD #20,0.22,3299,0,0.0,0.0
2026-07-01 21:22:34,WIN BUSHNELL TOUR V7 SHIFT #31,3.7,279,2,1.0,7.4
2026-07-01 21:22:34,WIN SHOTSCOPE LM1 LAUNCH MONITOR #31,1.75,349,4,1.0,7.0
2026-07-01 21:22:34,WIN CALLAWAY FAIRWAY C HD BLACK CAMO STAND #3,0.65,699,5,1.0,3.25
2026-07-01 21:22:34,WIN 4 DOZEN TAYLORMADE TP5 PIX #23,0.85,599,4,1.0,3.4
2026-07-01 21:22:34,WIN 2026 TAYLORMADE SPIDER TOUR TORCHED PUTTER #13,3.75,199,0,0.0,0.0
2026-07-01 21:22:34,WIN 2026 VOKEY SM11 NICKEL WEDGES #47,0.55,2199,0,0.0,0.0
2026-07-01 21:22:34,1000 TICKETS INTO ASTON MARTIN COMP #1,0.14,5999,131,2.0,18.34
2026-07-01 21:22:34,WIN 2026 TAYLORMADE QI4D DRIVER #47,0.75,1599,0,0.0,0.0
2026-07-01 21:22:34,WIN 2026 TAYLORMADE QI4D WOODS & P790 IRONS #43,3.75,1199,6,1.0,22.5
2026-07-01 21:22:34,WIN 2026 TITLEIST GTS WOODS BUNDLE #5,0.37,7999,16,1.0,5.92
2026-07-01 21:22:34,WIN MIZUNO JPX925 FORGED IRONS (5-PW) #1,0.15,18999,202,1.0,30.3
2026-07-01 21:22:34,WIN NAVEE BIRDIE 3 REMOTE #30,0.22,8999,130,1.0,28.6
2026-07-01 21:22:34,WIN NEW 2026 DRIVER #386,2.55,469,0,0.0,0.0
2026-07-01 21:22:34,WIN NEW 2026 DRIVER #385,0.65,1849,0,0.0,0.0
2026-07-01 21:22:34,WIN TAYLORMADE R7 QUAD MINI DRIVER #21,3.75,249,2,1.0,7.5
2026-07-01 21:22:34,WIN CUSTOM MG5 BLACKOUT WEDGES W/KBS BLACK SHAFT #35,3.75,329,0,0.0,0.0
2026-07-01 21:22:34,WIN 2026 VOKEY SM11 CHROME WEDGES #45,0.55,2199,0,0.0,0.0
2026-07-01 21:22:34,WIN 2026 TAYLORMADE SPIDER TOUR X TORCHED PUTTER #17,0.25,2999,11,1.0,2.75
2026-07-01 21:22:34,WIN TAYLORMADE SPIDER 5K ZT PUTTER #82,3.75,299,0,0.0,0.0
2026-07-01 21:22:34,WIN GARMIN Z30 RANGEFINDER #10,0.66,1249,2,1.0,1.32
2026-07-01 21:22:34,WIN TITLEIST PLAYERS S4 #6,0.55,799,12,2.0,6.6
2026-07-01 21:22:34,WIN 4 DOZEN PROV1X #86,0.75,699,0,0.0,0.0
2026-07-01 21:22:34,WIN CALLAWAY OPUS SP BRUSHED CHROME WEDGES #7,0.45,2499,5,1.0,2.25
2026-07-01 21:22:34,WIN 2026 TAYLORMADE SPIDER TOUR X TORCHED PUTTER #18,2.5,299,0,0.0,0.0
2026-07-01 21:22:34,WIN 2026 TITLEIST GTS DRIVER #14,0.39,3099,0,0.0,0.0
2026-07-01 21:22:34,500 TICKETS INTO ROLEX BLUESY COMP #1,0.14,2499,238,10.0,33.32
2026-07-01 21:22:34,WIN 2026 PING G440 £3K MEGA BUNDLE #26,2.75,2599,1,1.0,2.75
2026-07-01 21:22:34,"WIN 2026 TAYLORMADE QI4D WOODS (DRIVER, FW, HYBRID) #64",0.7,3499,3,1.0,2.1
2026-07-01 21:22:34,WIN 2026 TITLEIST SHORT GAME CHROME BUNDLE #7,0.25,8999,0,0.0,0.0
2026-07-01 21:22:34,WIN TAYLORMADE P790 IRONS (5-PW) #282,3.75,599,0,0.0,0.0
2026-07-01 21:22:34,WIN POWAKADDY FX1 ELECTRIC TROLLEY #122,0.66,1999,3,1.0,1.98
2026-07-01 21:22:34,WIN NEW 2026 DRIVER #389,2.55,469,0,0.0,0.0
2026-07-01 21:22:34,WIN NEW 2026 DRIVER #388,0.65,1849,0,0.0,0.0
2026-07-01 21:22:34,WIN NEW 2026 DRIVER #387,0.1,11999,72,1.0,7.2
2026-07-01 21:22:34,WIN 2026 VOKEY SM11 JET BLACK WEDGES #47,1.72,699,0,0.0,0.0
2026-07-01 21:22:34,WIN TAYLORMADE MG5 CHROME WEDGES #84,0.17,6599,0,0.0,0.0
2026-07-01 21:22:34,WIN 2026 TAYLORMADE SPIDER TOUR TORCHED PUTTER #14,0.25,2999,0,0.0,0.0
2026-07-01 21:22:34,WIN 2026 ODYSSEY DAMASCUS MILLED #13,0.35,3099,3,1.0,1.05
2026-07-01 21:22:34,WIN 2026 LAB VZN.1I PUTTER #2,3.75,329,1,1.0,3.75
2026-07-01 21:22:34,WIN TAYLORMADE P SERIES UDI #15,0.44,1199,0,0.0,0.0
2026-07-01 21:22:34,WIN GARMIN S44 GPS #105,3.25,259,0,0.0,0.0
2026-07-01 21:22:34,WIN SHOTSCOPE PRO L5 RANGEFINDER #5,0.65,899,0,0.0,0.0
2026-07-01 21:22:34,WIN CALLAWAY FAIRWAY C HD BLACK CAMO STAND #4,0.35,1299,0,0.0,0.0
2026-07-01 21:22:34,WIN 4 DOZEN TAYLORMADE TP5 PIX #24,0.85,599,0,0.0,0.0
2026-07-01 21:22:34,1000 TICKETS INTO ASTON MARTIN COMP #2,3.75,225,0,0.0,0.0
2026-07-01 21:22:34,WIN 2026 PING G440K DRIVER #34,0.75,1699,0,0.0,0.0
2026-07-01 21:22:34,WIN TAYLORMADE MG5 CHROME WEDGES #85,0.17,6599,0,0.0,0.0
2026-07-01 21:22:34,WIN 2026 TAYLORMADE SPIDER TOUR TORCHED PUTTER #15,0.25,2999,0,0.0,0.0
2026-07-01 21:22:34,WIN 2026 TAYLORMADE QI4D WOODS & P790 IRONS #44,0.37,11999,16,1.0,5.92
2026-07-01 21:22:34,WIN 2026 PING G440 K WOODS BUNDLE #46,3.75,699,0,0.0,0.0
2026-07-01 21:22:34,WIN MOTOCADDY SE #6,0.35,3999,40,1.0,14.0
2026-07-01 21:22:34,WIN LTD EDITION TAYLORMADE P790 SHADOWFALL IRONS (5-PW) #14,3.75,699,0,0.0,0.0
2026-07-01 21:22:34,WIN NEW 2026 DRIVER #391,2.55,469,0,0.0,0.0
2026-07-01 21:22:34,WIN NEW 2026 DRIVER #390,0.65,1849,0,0.0,0.0
2026-07-01 21:22:34,WIN 2026 CALLAWAY QUANTUM MINI DRIVER #21,0.15,6999,0,0.0,0.0
2026-07-01 21:22:34,WIN CUSTOM MG5 BLACKOUT WEDGES W/KBS BLACK SHAFT #36,0.55,2199,0,0.0,0.0
2026-07-01 21:22:34,WIN 2026 VOKEY SM11 CHROME WEDGES #46,3.75,329,0,0.0,0.0
2026-07-01 21:22:34,WIN SCOTTY CAMERON STUDIO STYLE #135,0.12,8999,0,0.0,0.0
2026-07-01 21:22:34,WIN 2026 TAYLORMADE SPIDER TOUR X TORCHED PUTTER #19,3.75,199,0,0.0,0.0
2026-07-01 21:22:34,WIN SHOTSCOPE LM1 LAUNCH MONITOR #32,1.75,349,0,0.0,0.0
2026-07-01 21:22:34,WIN 2026 TAYLORMADE QI4D STAFF STAND #6,0.17,5399,0,0.0,0.0
2026-07-01 21:22:34,WIN 4 DOZEN PROV1 GOLF BALLS #102,0.85,549,0,0.0,0.0
2026-07-05 20:52:12,HUGE JULY INSTANT WIN – 4000 INSTANT WIN PRIZES WORTH £400K #1,2.75,299999,17666,6.0,48581.5
2026-07-05 20:52:12,"PHIL’S FLIP & WIN – 35,000 INSTANT WINS WORTH OVER £250K #1",7.5,70000,9614,14.0,72105.0
2026-07-05 20:52:12,"WIN ASTON MARTIN DB11 4.0 V8 OR £70,000 TAX FREE CASH #1",0.79,205999,17076,8.0,13490.04
2026-07-05 20:52:12,1000 TICKETS INTO ASTON MARTIN COMP #1,0.14,5999,2892,48.0,404.88
2026-07-05 20:52:12,WIN 2026 TAYLORMADE SPIDER TOUR TORCHED PUTTER #13,3.75,199,28,14.0,105.0
2026-07-05 20:52:12,WIN 2026 VOKEY SM11 NICKEL WEDGES #47,0.55,2199,238,11.0,130.9
2026-07-05 20:52:12,WIN 2026 TAYLORMADE QI4D DRIVER #47,0.75,1599,145,9.0,108.75
2026-07-05 20:52:12,WIN 2026 TAYLORMADE QI4D WOODS & P790 IRONS #43,3.75,1199,96,8.0,360.0
2026-07-05 20:52:12,WIN 2026 TITLEIST GTS WOODS BUNDLE #5,0.37,7999,240,3.0,88.8
2026-07-05 20:52:12,WIN MIZUNO JPX925 FORGED IRONS (5-PW) #1,0.15,18999,2043,11.0,306.45
2026-07-05 20:52:12,WIN NAVEE BIRDIE 3 REMOTE #30,0.22,8999,1019,11.0,224.18
2026-07-05 20:52:12,WIN NEW 2026 DRIVER #386,2.55,469,15,3.0,38.25
2026-07-05 20:52:12,WIN NEW 2026 DRIVER #385,0.65,1849,77,4.0,50.05
2026-07-05 20:52:12,WIN TAYLORMADE R7 QUAD MINI DRIVER #21,3.75,249,63,25.0,236.25
2026-07-05 20:52:12,WIN CUSTOM MG5 BLACKOUT WEDGES W/KBS BLACK SHAFT #35,3.75,329,4,1.0,15.0
2026-07-05 20:52:12,WIN 2026 VOKEY SM11 CHROME WEDGES #45,0.55,2199,77,4.0,42.35
2026-07-05 20:52:12,WIN 2026 TAYLORMADE SPIDER TOUR X TORCHED PUTTER #17,0.25,2999,672,22.0,168.0
2026-07-05 20:52:12,WIN TAYLORMADE SPIDER 5K ZT PUTTER #82,3.75,299,26,9.0,97.5
2026-07-05 20:52:12,WIN GARMIN Z30 RANGEFINDER #10,0.66,1249,111,9.0,73.26
2026-07-05 20:52:12,WIN TITLEIST PLAYERS S4 #6,0.55,799,49,6.0,26.95
2026-07-05 20:52:12,WIN 4 DOZEN PROV1X #86,0.75,699,26,4.0,19.5
2026-07-05 20:52:12,WIN TAG HEUER CONNECTED CALIBRE E5 X TAYLORMADE EDITION #2,0.25,19999,2100,11.0,525.0
2026-07-05 20:52:12,WIN CALLAWAY OPUS SP BRUSHED CHROME WEDGES #7,0.45,2499,72,3.0,32.4
2026-07-05 20:52:12,WIN 2026 TAYLORMADE SPIDER TOUR X TORCHED PUTTER #18,2.5,299,6,2.0,15.0
2026-07-05 20:52:12,WIN 2026 TITLEIST GTS DRIVER #14,0.39,3099,64,2.0,24.96
2026-07-05 20:52:12,500 TICKETS INTO ROLEX BLUESY COMP #1,0.14,2499,728,29.0,101.92
2026-07-05 20:52:12,WIN 2026 PING G440 £3K MEGA BUNDLE #26,2.75,2599,57,2.0,156.75
2026-07-05 20:52:12,"WIN 2026 TAYLORMADE QI4D WOODS (DRIVER, FW, HYBRID) #64",0.7,3499,43,1.0,30.1
2026-07-05 20:52:12,WIN 2026 TITLEIST SHORT GAME CHROME BUNDLE #7,0.25,8999,122,1.0,30.5
2026-07-05 20:52:12,WIN TAYLORMADE P790 IRONS (5-PW) #282,3.75,599,9,2.0,33.75
2026-07-05 20:52:12,WIN POWAKADDY FX1 ELECTRIC TROLLEY #122,0.66,1999,29,1.0,19.14
2026-07-05 20:52:12,WIN NEW 2026 DRIVER #389,2.55,469,0,0.0,0.0
2026-07-05 20:52:12,WIN NEW 2026 DRIVER #388,0.65,1849,0,0.0,0.0
2026-07-05 20:52:12,WIN NEW 2026 DRIVER #387,0.1,11999,477,4.0,47.7
2026-07-05 20:52:12,WIN 2026 VOKEY SM11 JET BLACK WEDGES #47,1.72,699,14,2.0,24.08
2026-07-05 20:52:12,WIN TAYLORMADE MG5 CHROME WEDGES #84,0.17,6599,245,4.0,41.65
2026-07-05 20:52:12,WIN 2026 TAYLORMADE SPIDER TOUR TORCHED PUTTER #14,0.25,2999,132,4.0,33.0
2026-07-05 20:52:12,WIN 2026 ODYSSEY DAMASCUS MILLED #13,0.35,3099,66,2.0,23.1
2026-07-05 20:52:12,WIN 2026 LAB VZN.1I PUTTER #2,3.75,329,16,5.0,60.0
2026-07-05 20:52:12,WIN TAYLORMADE P SERIES UDI #15,0.44,1199,4,1.0,1.76
2026-07-05 20:52:12,WIN GARMIN S44 GPS #105,3.25,259,27,10.0,87.75
2026-07-05 20:52:12,WIN SHOTSCOPE PRO L5 RANGEFINDER #5,0.65,899,13,1.0,8.45
2026-07-05 20:52:12,WIN CALLAWAY FAIRWAY C HD BLACK CAMO STAND #4,0.35,1299,4,1.0,1.4
2026-07-05 20:52:12,WIN 4 DOZEN TAYLORMADE TP5 PIX #24,0.85,599,3,1.0,2.55
2026-07-05 20:52:12,1000 TICKETS INTO ASTON MARTIN COMP #2,3.75,225,5,2.0,18.75
2026-07-05 20:52:12,WIN 2026 PING G440K DRIVER #34,0.75,1699,3,1.0,2.25
2026-07-05 20:52:12,WIN TAYLORMADE MG5 CHROME WEDGES #85,0.17,6599,49,1.0,8.33
2026-07-05 20:52:12,WIN 2026 TAYLORMADE SPIDER TOUR TORCHED PUTTER #15,0.25,2999,2,1.0,0.5
2026-07-05 20:52:12,WIN 2026 TAYLORMADE QI4D WOODS & P790 IRONS #44,0.37,11999,119,1.0,44.03
2026-07-05 20:52:12,WIN 2026 PING G440 K WOODS BUNDLE #46,3.75,699,5,1.0,18.75
2026-07-05 20:52:12,WIN MOTOCADDY SE #6,0.35,3999,84,2.0,29.4
2026-07-05 20:52:12,WIN LTD EDITION TAYLORMADE P790 SHADOWFALL IRONS (5-PW) #14,3.75,699,1,1.0,3.75
2026-07-05 20:52:12,WIN NEW 2026 DRIVER #391,2.55,469,0,0.0,0.0
2026-07-05 20:52:12,WIN NEW 2026 DRIVER #390,0.65,1849,31,2.0,20.15
2026-07-05 20:52:12,WIN 2026 CALLAWAY QUANTUM MINI DRIVER #21,0.15,6999,32,1.0,4.8
2026-07-05 20:52:12,WIN CUSTOM MG5 BLACKOUT WEDGES W/KBS BLACK SHAFT #36,0.55,2199,94,4.0,51.7
2026-07-05 20:52:12,WIN 2026 VOKEY SM11 CHROME WEDGES #46,3.75,329,1,1.0,3.75
2026-07-05 20:52:12,WIN SCOTTY CAMERON STUDIO STYLE #135,0.12,8999,35,1.0,4.2
2026-07-05 20:52:12,WIN 2026 TAYLORMADE SPIDER TOUR X TORCHED PUTTER #19,3.75,199,1,1.0,3.75
2026-07-05 20:52:12,WIN SHOTSCOPE LM1 LAUNCH MONITOR #32,1.75,349,13,4.0,22.75
2026-07-05 20:52:12,WIN 2026 TAYLORMADE QI4D STAFF STAND #6,0.17,5399,64,1.0,10.88
2026-07-05 20:52:12,WIN 4 DOZEN PROV1 GOLF BALLS #102,0.85,549,5,1.0,4.25
2026-07-05 20:52:12,WIN 2026 TAYLORMADE QI4D DRIVER #48,3.75,329,0,0.0,0.0
2026-07-05 20:52:12,WIN 2026 TAYLORMADE SPIDER TOUR X TORCHED PUTTER #20,0.25,2999,11,1.0,2.75
2026-07-05 20:52:12,WIN 2026 VOKEY SM11 CHROME WEDGES #47,0.55,2199,3,1.0,1.65
2026-07-05 20:52:12,500 TICKETS INTO ROLEX BLUESY COMP #2,0.28,1299,133,10.0,37.24
2026-07-05 20:52:12,WIN 2026 TITLEIST GTS £3K MEGA BUNDLE #12,0.39,18999,121,1.0,47.19
2026-07-05 20:52:12,"WIN 2026 CALLAWAY QUANTUM WOODS (DRIVER, FW, HYBRID) #23",0.33,7999,4,1.0,1.32
2026-07-05 20:52:12,WIN 2026 TAYLORMADE SHORT GAME BUNDLE #4,3.75,499,3,1.0,11.25
2026-07-05 20:52:12,WIN TAYLORMADE P790 IRONS (5-PW) #283,0.33,6999,66,1.0,21.78
2026-07-05 20:52:12,WIN NAVEE BIRDIE 3 REMOTE #31,2.2,899,10,1.0,22.0
2026-07-05 20:52:12,WIN NEW 2026 DRIVER #393,3.75,329,0,0.0,0.0
2026-07-05 20:52:12,WIN NEW 2026 DRIVER #392,0.65,1849,0,0.0,0.0
2026-07-05 20:52:12,WIN TAYLORMADE R7 QUAD MINI DRIVER #22,0.37,2499,15,1.0,5.55
2026-07-05 20:52:12,WIN 2026 VOKEY SM11 JET BLACK WEDGES #48,3.75,329,1,1.0,3.75
2026-07-05 20:52:12,WIN CALLAWAY OPUS SP BRUSHED CHROME WEDGES #8,0.45,2499,0,0.0,0.0
2026-07-05 20:52:12,WIN 2026 TAYLORMADE SPIDER TOUR TORCHED PUTTER #16,2.5,299,0,0.0,0.0
2026-07-05 20:52:12,WIN SCOTTY CAMERON PHANTOM #32,0.65,1649,26,2.0,16.9
2026-07-05 20:52:12,WIN 2026 ODYSSEY AI DUAL SQ2SQ JAILBIRD #22,0.22,3299,22,1.0,4.84
2026-07-05 20:52:12,WIN TAYLORMADE P SERIES UDI #16,0.88,599,0,0.0,0.0
2026-07-05 20:52:12,WIN BUSHNELL TOUR V7 SHIFT #32,0.37,2799,34,1.0,12.58
2026-07-05 20:52:12,WIN CALLAWAY FAIRWAY C HD BLACK CAMO STAND #5,0.35,1299,1,1.0,0.35
2026-07-05 20:52:12,WIN 4 DOZEN TAYLORMADE TP5 PIX #25,0.85,599,0,0.0,0.0
2026-07-05 20:52:12,WIN 2026 TAYLORMADE QI4D SHADOWFALL DRIVER #13,3.75,329,0,0.0,0.0
2026-07-05 20:52:12,WIN 2026 TAYLORMADE SPIDER TOUR TORCHED PUTTER #17,0.5,1499,10,1.0,5.0
2026-07-05 20:52:12,WIN 2026 VOKEY SM11 JET BLACK WEDGES #49,3.75,329,1,1.0,3.75
2026-07-05 20:52:12,1000 TICKETS INTO ASTON MARTIN COMP #3,0.37,2299,78,3.0,28.86
2026-07-05 20:52:12,WIN 2026 TAYLORMADE QI4D £3K BUNDLE #39,0.33,21999,232,1.0,76.56
2026-07-05 20:52:12,WIN 2026 TITLEIST GTS WOODS BUNDLE #6,0.77,3999,1,1.0,0.77
2026-07-05 20:52:12,WIN 2026 CALLAWAY SHORT GAME BLACK BUNDLE #8,0.87,1749,5,1.0,4.35
2026-07-05 20:52:12,WIN TITLEIST T SERIES IRONS 5-PW #57,0.12,19999,14,1.0,1.68
2026-07-05 20:52:12,WIN TAYLORMADE P790 IRONS (5-PW) #284,0.66,3499,2,1.0,1.32
2026-07-05 20:52:12,WIN POWAKADDY FX1 ELECTRIC TROLLEY #123,3.75,379,0,0.0,0.0
2026-07-05 20:52:12,WIN NEW 2026 DRIVER #395,1.75,699,0,0.0,0.0
2026-07-05 20:52:12,WIN NEW 2026 DRIVER #394,0.33,3599,2,1.0,0.66
2026-07-05 20:52:12,WIN 2026 VOKEY SM11 NICKEL WEDGES #48,0.15,7999,23,1.0,3.45
2026-07-05 20:52:12,WIN CUSTOM MG5 BLACKOUT WEDGES W/KBS BLACK SHAFT #37,3.75,299,0,0.0,0.0
2026-07-05 20:52:12,WIN 2026 TAYLORMADE SPIDER TOUR X TORCHED PUTTER #21,3.75,199,0,0.0,0.0
2026-07-05 20:52:12,WIN TAYLORMADE SPIDER 5K ZT PUTTER #83,0.75,1499,3,1.0,2.25
2026-07-05 20:52:12,WIN SCOTTY CAMERON STUDIO STYLE #136,1.33,799,0,0.0,0.0
2026-07-05 20:52:12,WIN GARMIN R10 LAUNCH MONITOR #7,0.12,9999,366,4.0,43.92
2026-07-05 20:52:12,WIN TITLEIST PLAYERS S4 #7,0.55,799,0,0.0,0.0
2026-07-05 20:52:12,WIN 4 DOZEN PROV1X #87,0.75,699,2,1.0,1.5
2026-07-05 20:52:12,WIN 2026 TAYLORMADE SPIDER TOUR X TORCHED PUTTER #22,0.25,2999,19,1.0,4.75
2026-07-05 20:52:12,WIN 2026 TITLEIST GTS DRIVER #15,0.39,3099,0,0.0,0.0
2026-07-05 20:52:12,WIN TAYLORMADE MG5 CHROME WEDGES #86,0.17,6599,1,1.0,0.17
2026-07-05 20:52:12,500 TICKETS INTO ROLEX BLUESY COMP #3,1.25,249,11,4.0,13.75
2026-07-05 20:52:12,"WIN 2026 TAYLORMADE QI4D WOODS (DRIVER, FW, HYBRID) #65",3.75,649,0,0.0,0.0
2026-07-05 20:52:12,WIN 2026 FAIRWAY WOOD #100,0.75,1049,130,12.0,97.5
2026-07-05 20:52:12,WIN NAVEE BIRDIE 3 REMOTE #32,0.22,8999,17,1.0,3.74
2026-07-05 20:52:12,WIN TAYLORMADE P790 IRONS (5-PW) #284,3.75,599,0,0.0,0.0
2026-07-05 20:52:12,WIN NEW 2026 DRIVER #397,3.75,329,0,0.0,0.0
2026-07-05 20:52:12,WIN NEW 2026 DRIVER #396,0.1,11999,13,1.0,1.3
2026-07-05 20:52:12,WIN 2026 CALLAWAY QUANTUM MINI DRIVER #22,0.15,6999,2,1.0,0.3
2026-07-05 20:52:12,WIN CALLAWAY OPUS SP BLACK SHADOW WEDGES #16,0.45,2499,0,0.0,0.0
2026-07-05 20:52:12,WIN 2026 VOKEY SM11 CHROME WEDGES #47,3.75,329,0,0.0,0.0
2026-07-05 20:52:12,WIN 2026 TAYLORMADE SPIDER TOUR TORCHED PUTTER #18,3.75,199,0,0.0,0.0
2026-07-05 20:52:12,WIN 2026 TAYLORMADE SPIDER TOUR X TORCHED PUTTER #23,0.25,2999,0,0.0,0.0
2026-07-05 20:52:12,WIN GARMIN Z30 RANGEFINDER #11,0.66,1249,0,0.0,0.0
2026-07-05 20:52:12,WIN 2026 TAYLORMADE QI4D STAFF STAND #7,0.34,2699,0,0.0,0.0
2026-07-05 20:52:12,WIN 4 DOZEN TAYLORMADE TP5 PIX #26,0.85,599,1,1.0,0.85
2026-07-05 20:52:12,WIN LIMITED EDITION TAYLORMADE SPIDER £7.5K MEGA BUNDLE #1,0.85,18999,27,1.0,22.95
2026-07-05 20:52:12,WIN ROLEX BLUESY SUBMARINER + CUSTOM SCOTTY OR £10K TAX FREE CASH #2,0.55,39999,4600,12.0,2530.0
2026-07-05 20:52:12,WIN 2026 TITLEIST SHORT GAME CHROME BUNDLE #8,2.55,899,0,0.0,0.0
2026-07-05 20:52:12,WIN 2026 PING G440 K WOODS BUNDLE #47,0.69,3999,1,1.0,0.69
2026-07-05 20:52:12,WIN POWAKADDY RX REMOTE #9,0.33,6999,27,1.0,8.91
2026-07-05 20:52:12,WIN TITLEIST T SERIES IRONS 5-PW #58,0.25,9999,0,0.0,0.0
2026-07-05 20:52:12,WIN LTD EDITION TAYLORMADE P790 SHADOWFALL IRONS (5-PW) #15,0.65,3999,5,1.0,3.25
2026-07-05 20:52:12,WIN NEW 2026 DRIVER #400,3.75,329,0,0.0,0.0
2026-07-05 20:52:12,WIN NEW 2026 DRIVER #399,0.33,3599,0,0.0,0.0
2026-07-05 20:52:12,WIN NEW 2026 DRIVER #398,0.07,16999,0,0.0,0.0
2026-07-05 20:52:12,WIN TAYLORMADE MG5 CHARCOAL WEDGES #50,0.17,6599,4,1.0,0.68
2026-07-05 20:52:12,WIN 2026 VOKEY SM11 JET BLACK WEDGES #49,3.75,329,0,0.0,0.0
2026-07-05 20:52:12,WIN 2026 TAYLORMADE SPIDER TOUR X TORCHED PUTTER #24,2.5,299,0,0.0,0.0
2026-07-05 20:52:12,WIN CUSTOM L.A.B DF3 ORANGE #4,3.55,339,0,0.0,0.0
2026-07-05 20:52:12,WIN 2026 TAYLORMADE SPIDER TOUR TORCHED PUTTER #19,0.25,2999,0,0.0,0.0
2026-07-05 20:52:12,WIN BUSHNELL TOUR V7 SHIFT #33,3.7,279,0,0.0,0.0
2026-07-05 20:52:12,WIN SHOTSCOPE LM1 LAUNCH MONITOR #33,1.75,349,0,0.0,0.0
2026-07-05 20:52:12,WIN 4 DOZEN PROV1 GOLF BALLS #103,0.85,549,0,0.0,0.0
2026-07-08 21:00:38,THE BIG CLEARANCE INSTANT WIN COMP – 50% OFF – £250K WORTH OF PRIZES #1,0.95,399999,24886,6.0,23641.7
2026-07-08 21:00:38,"WIN ASTON MARTIN DB11 4.0 V8 OR £70,000 TAX FREE CASH #1",0.79,205999,26611,13.0,21022.69
2026-07-08 21:00:38,WIN ROLEX BLUESY SUBMARINER + CUSTOM SCOTTY OR £10K TAX FREE CASH #2,0.55,39999,7416,19.0,4078.8
2026-07-08 21:00:38,HUGE JULY INSTANT WIN – 4000 INSTANT WIN PRIZES WORTH £400K #1,2.75,299999,27830,9.0,76532.5
2026-07-08 21:00:38,WIN 2026 TAYLORMADE QI4D DRIVER #48,3.75,329,38,12.0,142.5
2026-07-08 21:00:38,WIN 2026 TAYLORMADE SPIDER TOUR X TORCHED PUTTER #20,0.25,2999,1234,41.0,308.5
2026-07-08 21:00:38,WIN 2026 VOKEY SM11 CHROME WEDGES #47,0.55,2199,259,12.0,142.45
2026-07-08 21:00:38,500 TICKETS INTO ROLEX BLUESY COMP #2,0.28,1299,1070,82.0,299.6
2026-07-08 21:00:38,WIN 2026 TITLEIST GTS £3K MEGA BUNDLE #12,0.39,18999,2098,11.0,818.22
2026-07-08 21:00:38,"WIN 2026 CALLAWAY QUANTUM WOODS (DRIVER, FW, HYBRID) #23",0.33,7999,342,4.0,112.86
2026-07-08 21:00:38,WIN 2026 TAYLORMADE SHORT GAME BUNDLE #4,3.75,499,20,4.0,75.0
2026-07-08 21:00:38,WIN TAYLORMADE P790 IRONS (5-PW) #283,0.33,6999,891,13.0,294.03
2026-07-08 21:00:38,WIN NAVEE BIRDIE 3 REMOTE #31,2.2,899,84,9.0,184.8
2026-07-08 21:00:38,WIN NEW 2026 DRIVER #393,3.75,329,1,1.0,3.75
2026-07-08 21:00:38,WIN NEW 2026 DRIVER #392,0.65,1849,19,1.0,12.35
2026-07-08 21:00:38,WIN TAYLORMADE R7 QUAD MINI DRIVER #22,0.37,2499,259,10.0,95.83
2026-07-08 21:00:38,WIN 2026 VOKEY SM11 JET BLACK WEDGES #48,3.75,329,40,12.0,150.0
2026-07-08 21:00:38,WIN CALLAWAY OPUS SP BRUSHED CHROME WEDGES #8,0.45,2499,154,6.0,69.3
2026-07-08 21:00:38,WIN 2026 TAYLORMADE SPIDER TOUR TORCHED PUTTER #16,2.5,299,8,3.0,20.0
2026-07-08 21:00:38,WIN SCOTTY CAMERON PHANTOM #32,0.65,1649,225,14.0,146.25
2026-07-08 21:00:38,WIN 2026 ODYSSEY AI DUAL SQ2SQ JAILBIRD #22,0.22,3299,516,16.0,113.52
2026-07-08 21:00:38,WIN TAYLORMADE P SERIES UDI #16,0.88,599,74,12.0,65.12
2026-07-08 21:00:38,WIN BUSHNELL TOUR V7 SHIFT #32,0.37,2799,317,11.0,117.29
2026-07-08 21:00:38,WIN CALLAWAY FAIRWAY C HD BLACK CAMO STAND #5,0.35,1299,88,7.0,30.8
2026-07-08 21:00:38,WIN 4 DOZEN TAYLORMADE TP5 PIX #25,0.85,599,45,8.0,38.25
2026-07-08 21:00:38,FREE TO PLAY: WIN 2026 TAYLORMADE SPIDER TOUR X TORCHED PUTTER #1,0.0,9999,418,4.0,0.0
2026-07-08 21:00:38,WIN 2026 TAYLORMADE QI4D SHADOWFALL DRIVER #13,3.75,329,0,0.0,0.0
2026-07-08 21:00:38,WIN 2026 TAYLORMADE SPIDER TOUR TORCHED PUTTER #17,0.5,1499,19,1.0,9.5
2026-07-08 21:00:38,WIN 2026 VOKEY SM11 JET BLACK WEDGES #49,3.75,329,1,1.0,3.75
2026-07-08 21:00:38,1000 TICKETS INTO ASTON MARTIN COMP #3,0.37,2299,482,21.0,178.34
2026-07-08 21:00:38,WIN 2026 TAYLORMADE QI4D £3K BUNDLE #39,0.33,21999,880,4.0,290.4
2026-07-08 21:00:38,WIN 2026 TITLEIST GTS WOODS BUNDLE #6,0.77,3999,219,5.0,168.63
2026-07-08 21:00:38,WIN 2026 CALLAWAY SHORT GAME BLACK BUNDLE #8,0.87,1749,6,1.0,5.22
2026-07-08 21:00:38,WIN TITLEIST T SERIES IRONS 5-PW #57,0.12,19999,2441,12.0,292.92
2026-07-08 21:00:38,WIN TAYLORMADE P790 IRONS (5-PW) #284,0.66,3499,43,1.0,28.38
2026-07-08 21:00:38,WIN POWAKADDY FX1 ELECTRIC TROLLEY #123,3.75,379,17,4.0,63.75
2026-07-08 21:00:38,WIN NEW 2026 DRIVER #395,1.75,699,2,1.0,3.5
2026-07-08 21:00:38,WIN NEW 2026 DRIVER #394,0.33,3599,8,1.0,2.64
2026-07-08 21:00:38,WIN 2026 VOKEY SM11 NICKEL WEDGES #48,0.15,7999,217,3.0,32.55
2026-07-08 21:00:38,WIN CUSTOM MG5 BLACKOUT WEDGES W/KBS BLACK SHAFT #37,3.75,299,4,1.0,15.0
2026-07-08 21:00:38,WIN 2026 TAYLORMADE SPIDER TOUR X TORCHED PUTTER #21,3.75,199,0,0.0,0.0
2026-07-08 21:00:38,WIN TAYLORMADE SPIDER 5K ZT PUTTER #83,0.75,1499,10,1.0,7.5
2026-07-08 21:00:38,WIN SCOTTY CAMERON STUDIO STYLE #136,1.33,799,0,0.0,0.0
2026-07-08 21:00:38,WIN GARMIN R10 LAUNCH MONITOR #7,0.12,9999,1655,17.0,198.6
2026-07-08 21:00:38,WIN TITLEIST PLAYERS S4 #7,0.55,799,27,3.0,14.85
2026-07-08 21:00:38,WIN 4 DOZEN PROV1X #87,0.75,699,50,7.0,37.5
2026-07-08 21:00:38,WIN 2026 TAYLORMADE SPIDER TOUR X TORCHED PUTTER #22,0.25,2999,78,3.0,19.5
2026-07-08 21:00:38,WIN 2026 TITLEIST GTS DRIVER #15,0.39,3099,10,1.0,3.9
2026-07-08 21:00:38,WIN TAYLORMADE MG5 CHROME WEDGES #86,0.17,6599,16,1.0,2.72
2026-07-08 21:00:38,500 TICKETS INTO ROLEX BLUESY COMP #3,1.25,249,46,18.0,57.5
2026-07-08 21:00:38,"WIN 2026 TAYLORMADE QI4D WOODS (DRIVER, FW, HYBRID) #65",3.75,649,16,2.0,60.0
2026-07-08 21:00:38,WIN 2026 FAIRWAY WOOD #100,0.75,1049,185,18.0,138.75
2026-07-08 21:00:38,WIN NAVEE BIRDIE 3 REMOTE #32,0.22,8999,279,3.0,61.38
2026-07-08 21:00:38,WIN TAYLORMADE P790 IRONS (5-PW) #284,3.75,599,2,1.0,7.5
2026-07-08 21:00:38,WIN NEW 2026 DRIVER #397,3.75,329,5,2.0,18.75
2026-07-08 21:00:38,WIN NEW 2026 DRIVER #396,0.1,11999,347,3.0,34.7
2026-07-08 21:00:38,WIN 2026 CALLAWAY QUANTUM MINI DRIVER #22,0.15,6999,938,13.0,140.7
2026-07-08 21:00:38,WIN CALLAWAY OPUS SP BLACK SHADOW WEDGES #16,0.45,2499,1,1.0,0.45
2026-07-08 21:00:38,WIN 2026 VOKEY SM11 CHROME WEDGES #47,3.75,329,2,1.0,7.5
2026-07-08 21:00:38,WIN 2026 TAYLORMADE SPIDER TOUR TORCHED PUTTER #18,3.75,199,0,0.0,0.0
2026-07-08 21:00:38,WIN 2026 TAYLORMADE SPIDER TOUR X TORCHED PUTTER #23,0.25,2999,8,1.0,2.0
2026-07-08 21:00:38,WIN GARMIN Z30 RANGEFINDER #11,0.66,1249,52,4.0,34.32
2026-07-08 21:00:38,WIN 2026 TAYLORMADE QI4D STAFF STAND #7,0.34,2699,6,1.0,2.04
2026-07-08 21:00:38,WIN 4 DOZEN TAYLORMADE TP5 PIX #26,0.85,599,1,1.0,0.85
2026-07-08 21:00:38,WIN TAG HEUER CONNECTED CALIBRE E5 X TAYLORMADE EDITION #2,0.25,19999,5715,29.0,1428.75
2026-07-08 21:00:38,WIN LIMITED EDITION TAYLORMADE SPIDER £7.5K MEGA BUNDLE #1,0.85,18999,163,1.0,138.55
2026-07-08 21:00:38,WIN 2026 TITLEIST SHORT GAME CHROME BUNDLE #8,2.55,899,1,1.0,2.55
2026-07-08 21:00:38,WIN 2026 PING G440 K WOODS BUNDLE #47,0.69,3999,12,1.0,8.28
2026-07-08 21:00:38,WIN POWAKADDY RX REMOTE #9,0.33,6999,834,12.0,275.22
2026-07-08 21:00:38,WIN TITLEIST T SERIES IRONS 5-PW #58,0.25,9999,207,2.0,51.75
2026-07-08 21:00:38,WIN LTD EDITION TAYLORMADE P790 SHADOWFALL IRONS (5-PW) #15,0.65,3999,120,3.0,78.0
2026-07-08 21:00:38,WIN NEW 2026 DRIVER #400,3.75,329,2,1.0,7.5
2026-07-08 21:00:38,WIN NEW 2026 DRIVER #399,0.33,3599,10,1.0,3.3
2026-07-08 21:00:38,WIN NEW 2026 DRIVER #398,0.07,16999,193,1.0,13.51
2026-07-08 21:00:38,WIN TAYLORMADE MG5 CHARCOAL WEDGES #50,0.17,6599,49,1.0,8.33
2026-07-08 21:00:38,WIN 2026 VOKEY SM11 JET BLACK WEDGES #49,3.75,329,22,7.0,82.5
2026-07-08 21:00:38,WIN 2026 TAYLORMADE SPIDER TOUR X TORCHED PUTTER #24,2.5,299,1,1.0,2.5
2026-07-08 21:00:38,WIN CUSTOM L.A.B DF3 ORANGE #4,3.55,339,12,4.0,42.6
2026-07-08 21:00:38,WIN 2026 TAYLORMADE SPIDER TOUR TORCHED PUTTER #19,0.25,2999,14,1.0,3.5
2026-07-08 21:00:38,WIN BUSHNELL TOUR V7 SHIFT #33,3.7,279,4,1.0,14.8
2026-07-08 21:00:38,WIN SHOTSCOPE LM1 LAUNCH MONITOR #33,1.75,349,1,1.0,1.75
2026-07-08 21:00:38,WIN 4 DOZEN PROV1 GOLF BALLS #103,0.85,549,0,0.0,0.0
2026-07-08 21:00:38,WIN 2026 TAYLORMADE SPIDER TOUR TORCHED PUTTER #20,3.75,199,0,0.0,0.0
2026-07-08 21:00:38,WIN 2026 VOKEY SM11 NICKEL WEDGES #49,0.55,2199,0,0.0,0.0
2026-07-08 21:00:38,1000 TICKETS INTO ASTON MARTIN COMP #4,0.14,5999,567,9.0,79.38
2026-07-08 21:00:38,WIN 2026 TAYLORMADE QI4D DRIVER #49,0.75,1599,2,1.0,1.5
2026-07-08 21:00:38,WIN 2026 TAYLORMADE QI4D WOODS & P790 IRONS #45,3.75,1199,5,1.0,18.75
2026-07-08 21:00:38,WIN 2026 TITLEIST GTS WOODS BUNDLE #7,0.37,7999,23,1.0,8.51
2026-07-08 21:00:38,WIN MIZUNO JPX925 FORGED IRONS (5-PW) #2,0.15,18999,1088,6.0,163.2
2026-07-08 21:00:38,WIN NAVEE BIRDIE 3 REMOTE #33,0.22,8999,118,1.0,25.96
2026-07-08 21:00:38,WIN NEW 2026 DRIVER #402,2.55,469,1,1.0,2.55
2026-07-08 21:00:38,WIN NEW 2026 DRIVER #401,0.65,1849,3,1.0,1.95
2026-07-08 21:00:38,WIN TAYLORMADE MG5 CHROME WEDGES #87,0.17,6599,23,1.0,3.91
2026-07-08 21:00:38,WIN 2026 VOKEY SM11 CHROME WEDGES #48,0.55,2199,0,0.0,0.0
2026-07-08 21:00:38,WIN TAYLORMADE SPIDER 5K ZT PUTTER #84,3.75,299,0,0.0,0.0
2026-07-08 21:00:38,WIN CUSTOM SCOTTY CAMERON OPEN MAJOR EDIT #1,0.65,1549,12,1.0,7.8
2026-07-08 21:00:38,WIN 2026 TAYLORMADE SPIDER TOUR X TORCHED PUTTER #25,0.25,2999,0,0.0,0.0
2026-07-08 21:00:38,WIN GARMIN Z30 RANGEFINDER #12,3.75,199,0,0.0,0.0
2026-07-08 21:00:38,WIN CALLAWAY FAIRWAY C HD BLACK CAMO STAND #6,0.35,1299,0,0.0,0.0
2026-07-08 21:00:38,WIN 4 DOZEN PROV1X #88,0.75,699,0,0.0,0.0
2026-07-08 21:00:38,WIN TAYLORMADE MG5 CHARCOAL WEDGES #51,0.17,6599,0,0.0,0.0
2026-07-08 21:00:38,WIN 2026 TAYLORMADE SPIDER TOUR X TORCHED PUTTER #26,2.5,299,0,0.0,0.0
2026-07-08 21:00:38,WIN 2026 PING G440K DRIVER #35,0.75,1699,0,0.0,0.0
2026-07-08 21:00:38,500 TICKETS INTO TITLEIST OPEN £10K BUNDLE #1,0.17,2499,8,1.0,1.36
2026-07-08 21:00:38,WIN 2026 TITLEIST GTS £3K MEGA BUNDLE – OPEN EDIT #1,2.75,2699,0,0.0,0.0
2026-07-08 21:00:38,"WIN 2026 TAYLORMADE QI4D WOODS (DRIVER, FW, HYBRID) #66",0.7,3499,4,1.0,2.8
2026-07-08 21:00:38,WIN 2026 CALLAWAY SHORT GAME BLACK BUNDLE #9,0.44,3699,0,0.0,0.0
2026-07-08 21:00:38,WIN TAYLORMADE P790 IRONS (5-PW) #285,3.75,599,0,0.0,0.0
2026-07-08 21:00:38,WIN POWAKADDY FX1 ELECTRIC TROLLEY #124,0.66,1999,1,1.0,0.66
2026-07-08 21:00:38,WIN NEW 2026 DRIVER #405,2.55,469,0,0.0,0.0
2026-07-08 21:00:38,WIN NEW 2026 DRIVER #404,0.65,1849,0,0.0,0.0
2026-07-08 21:00:38,WIN NEW 2026 DRIVER #403,0.1,11999,2,1.0,0.2
2026-07-08 21:00:38,WIN 2026 VOKEY SM11 JET BLACK WEDGES #50,1.72,699,0,0.0,0.0
2026-07-08 21:00:38,WIN CALLAWAY OPUS SP BRUSHED CHROME WEDGES #9,0.45,2499,0,0.0,0.0
2026-07-08 21:00:38,WIN 2026 TAYLORMADE SPIDER TOUR TORCHED PUTTER #21,0.25,2999,0,0.0,0.0
2026-07-08 21:00:38,WIN CUSTOM SCOTTY CAMERON STUDIO STYLE OPEN MAJOR EDIT #2,1.3,779,0,0.0,0.0
2026-07-08 21:00:38,WIN 2026 LAB VZN.1I PUTTER #3,3.75,329,0,0.0,0.0
2026-07-08 21:00:38,WIN TAYLORMADE P SERIES UDI #17,0.44,1199,0,0.0,0.0
2026-07-08 21:00:38,WIN GARMIN S44 GPS #106,3.25,259,0,0.0,0.0
2026-07-08 21:00:38,WIN SHOTSCOPE PRO L5 RANGEFINDER #6,0.65,899,0,0.0,0.0
2026-07-08 21:00:38,WIN TITLEIST PLAYERS S4 OPEN EDITION STAND BAG,0.35,1499,1,1.0,0.35
2026-07-08 21:00:38,WIN 4 DOZEN TITLEIST OPEN EDITION PROV1 BALLS #1,0.8,799,1,1.0,0.8
2026-07-08 21:00:38,1000 TICKETS INTO ASTON MARTIN COMP #5,3.75,225,0,0.0,0.0
2026-07-08 21:00:38,WIN 2026 TITLEIST GTS DRIVER #15,0.39,3099,0,0.0,0.0
2026-07-08 21:00:38,WIN TAYLORMADE MG5 CHROME WEDGES #88,0.17,6599,0,0.0,0.0
2026-07-08 21:00:38,WIN 2026 TAYLORMADE SPIDER TOUR TORCHED PUTTER #22,0.25,2999,0,0.0,0.0
2026-07-08 21:00:38,WIN CUSTOM LAB OZ1 BLUE (35 RH) #1,3.75,329,2,1.0,7.5
2026-07-08 21:00:38,WIN TAG HEUER CONNECTED CALIBRE E5 X TAYLORMADE EDITION #3,0.33,14999,33,1.0,10.89
2026-07-08 21:00:38,WIN 2026 TAYLORMADE QI4D WOODS & P790 IRONS #46,0.37,11999,0,0.0,0.0
2026-07-08 21:00:38,WIN NAVEE BIRDIE 3 REMOTE #34,3.75,499,0,0.0,0.0
2026-07-08 21:00:38,WIN LTD EDITION TAYLORMADE P790 SHADOWFALL IRONS (5-PW) #16,0.29,9499,1,1.0,0.29
2026-07-08 21:00:38,WIN NEW 2026 DRIVER #407,2.55,469,0,0.0,0.0
2026-07-08 21:00:38,WIN NEW 2026 DRIVER #406,0.65,1849,0,0.0,0.0
2026-07-08 21:00:38,WIN LTD EDITION CALLAWAY QUANTIUM WORLD CUP MINI DRIVER (REG) #3,0.15,6999,50,1.0,7.5
2026-07-08 21:00:38,WIN TAYLORMADE MG5 CHARCOAL WEDGES #53,0.55,2199,0,0.0,0.0
2026-07-08 21:00:38,WIN 2026 VOKEY SM11 CHROME WEDGES #49,3.75,329,0,0.0,0.0
2026-07-08 21:00:38,WIN 2026 TAYLORMADE SPIDER TOUR X TORCHED PUTTER #27,3.75,199,0,0.0,0.0
2026-07-08 21:00:38,WIN SHOTSCOPE LM1 LAUNCH MONITOR #34,1.75,349,0,0.0,0.0
2026-07-08 21:00:38,WIN J LINDEBERG PLAYER PRINT FOREST STAND BAG #1,0.17,5399,1,1.0,0.17
2026-07-08 21:00:38,WIN 4 DOZEN CALLAWAY CHROME TOUR MAJOR SERIES #1,0.85,749,1,1.0,0.85
2026-07-12 20:38:25,THE BIG CLEARANCE INSTANT WIN COMP – 50% OFF – £250K WORTH OF PRIZES #1,0.95,399999,52749,13.0,50111.55
2026-07-12 20:38:25,"WIN ASTON MARTIN DB11 4.0 V8 OR £70,000 TAX FREE CASH #1",0.79,205999,34790,17.0,27484.1
2026-07-12 20:38:25,HUGE JULY INSTANT WIN – 4000 INSTANT WIN PRIZES WORTH £400K #1,2.75,299999,31251,10.0,85940.25
2026-07-12 20:38:25,WIN 2026 TAYLORMADE SPIDER TOUR TORCHED PUTTER #20,3.75,199,36,18.0,135.0
2026-07-12 20:38:25,WIN 2026 VOKEY SM11 NICKEL WEDGES #49,0.55,2199,437,20.0,240.35
2026-07-12 20:38:25,1000 TICKETS INTO ASTON MARTIN COMP #4,0.14,5999,1805,30.0,252.7
2026-07-12 20:38:25,WIN 2026 TAYLORMADE QI4D DRIVER #49,0.75,1599,166,10.0,124.5
2026-07-12 20:38:25,WIN 2026 TAYLORMADE QI4D WOODS & P790 IRONS #45,3.75,1199,83,7.0,311.25
2026-07-12 20:38:25,WIN 2026 TITLEIST GTS WOODS BUNDLE #7,0.37,7999,390,5.0,144.3
2026-07-12 20:38:25,WIN MIZUNO JPX925 FORGED IRONS (5-PW) #2,0.15,18999,2912,15.0,436.8
2026-07-12 20:38:25,WIN NAVEE BIRDIE 3 REMOTE #33,0.22,8999,1508,17.0,331.76
2026-07-12 20:38:25,WIN NEW 2026 DRIVER #402,2.55,469,4,1.0,10.2
2026-07-12 20:38:25,WIN NEW 2026 DRIVER #401,0.65,1849,51,3.0,33.15
2026-07-12 20:38:25,WIN TAYLORMADE MG5 CHROME WEDGES #87,0.17,6599,392,6.0,66.64
2026-07-12 20:38:25,WIN 2026 VOKEY SM11 CHROME WEDGES #48,0.55,2199,25,1.0,13.75
2026-07-12 20:38:25,WIN TAYLORMADE SPIDER 5K ZT PUTTER #84,3.75,299,15,5.0,56.25
2026-07-12 20:38:25,WIN CUSTOM SCOTTY CAMERON OPEN MAJOR EDIT #1,0.65,1549,104,7.0,67.6
2026-07-12 20:38:25,WIN 2026 TAYLORMADE SPIDER TOUR X TORCHED PUTTER #25,0.25,2999,249,8.0,62.25
2026-07-12 20:38:25,WIN GARMIN Z30 RANGEFINDER #12,3.75,199,9,5.0,33.75
2026-07-12 20:38:25,WIN CALLAWAY FAIRWAY C HD BLACK CAMO STAND #6,0.35,1299,144,11.0,50.4
2026-07-12 20:38:25,WIN 2 TICKETS TO THE 154TH OPEN AT ROYAL BIRKDALE (WEEKEND TICKETS) #1,0.66,3999,53,1.0,34.98
2026-07-12 20:38:25,WIN 2 TICKETS TO THE 154TH OPEN AT ROYAL BIRKDALE (THURS/FRI TICKETS) #1,0.39,3999,2,1.0,0.78
2026-07-12 20:38:25,WIN 4 DOZEN PROV1X #88,0.75,699,84,12.0,63.0
2026-07-12 20:38:25,WIN TAYLORMADE MG5 CHARCOAL WEDGES #51,0.17,6599,154,2.0,26.18
2026-07-12 20:38:25,WIN 2026 TAYLORMADE SPIDER TOUR X TORCHED PUTTER #26,2.5,299,33,11.0,82.5
2026-07-12 20:38:25,WIN 2026 PING G440K DRIVER #35,0.75,1699,34,2.0,25.5
2026-07-12 20:38:25,500 TICKETS INTO TITLEIST OPEN £10K BUNDLE #1,0.17,2499,492,20.0,83.64
2026-07-12 20:38:25,WIN 2026 TITLEIST GTS £3K MEGA BUNDLE – OPEN EDIT #1,2.75,2699,57,2.0,156.75
2026-07-12 20:38:25,"WIN 2026 TAYLORMADE QI4D WOODS (DRIVER, FW, HYBRID) #66",0.7,3499,31,1.0,21.7
2026-07-12 20:38:25,WIN 2026 CALLAWAY SHORT GAME BLACK BUNDLE #9,0.44,3699,28,1.0,12.32
2026-07-12 20:38:25,WIN TAYLORMADE P790 IRONS (5-PW) #285,3.75,599,8,1.0,30.0
2026-07-12 20:38:25,WIN POWAKADDY FX1 ELECTRIC TROLLEY #124,0.66,1999,85,4.0,56.1
2026-07-12 20:38:25,WIN NEW 2026 DRIVER #405,2.55,469,9,2.0,22.95
2026-07-12 20:38:25,WIN NEW 2026 DRIVER #404,0.65,1849,7,1.0,4.55
2026-07-12 20:38:25,WIN NEW 2026 DRIVER #403,0.1,11999,560,5.0,56.0
2026-07-12 20:38:25,WIN 2026 VOKEY SM11 JET BLACK WEDGES #50,1.72,699,9,1.0,15.48
2026-07-12 20:38:25,WIN CALLAWAY OPUS SP BRUSHED CHROME WEDGES #9,0.45,2499,6,1.0,2.7
2026-07-12 20:38:25,WIN 2026 TAYLORMADE SPIDER TOUR TORCHED PUTTER #21,0.25,2999,24,1.0,6.0
2026-07-12 20:38:25,WIN CUSTOM SCOTTY CAMERON STUDIO STYLE OPEN MAJOR EDIT #2,1.3,779,9,1.0,11.7
2026-07-12 20:38:25,WIN 2026 LAB VZN.1I PUTTER #3,3.75,329,8,2.0,30.0
2026-07-12 20:38:25,WIN TAYLORMADE P SERIES UDI #17,0.44,1199,63,5.0,27.72
2026-07-12 20:38:25,WIN GARMIN S44 GPS #106,3.25,259,26,10.0,84.5
2026-07-12 20:38:25,WIN SHOTSCOPE PRO L5 RANGEFINDER #6,0.65,899,73,8.0,47.45
2026-07-12 20:38:25,WIN TITLEIST PLAYERS S4 OPEN EDITION STAND BAG,0.35,1499,109,7.0,38.15
2026-07-12 20:38:25,WIN 4 DOZEN TITLEIST OPEN EDITION PROV1 BALLS #1,0.8,799,71,9.0,56.8
2026-07-12 20:38:25,1000 TICKETS INTO ASTON MARTIN COMP #5,3.75,225,3,1.0,11.25
2026-07-12 20:38:25,WIN 2026 TITLEIST GTS DRIVER #15,0.39,3099,103,3.0,40.17
2026-07-12 20:38:25,WIN TAYLORMADE MG5 CHROME WEDGES #88,0.17,6599,8,1.0,1.36
2026-07-12 20:38:25,WIN 2026 TAYLORMADE SPIDER TOUR TORCHED PUTTER #22,0.25,2999,3,1.0,0.75
2026-07-12 20:38:25,WIN CUSTOM LAB OZ1 BLUE (35 RH) #1,3.75,329,6,2.0,22.5
2026-07-12 20:38:25,WIN TAG HEUER CONNECTED CALIBRE E5 X TAYLORMADE EDITION #3,0.33,14999,2432,16.0,802.56
2026-07-12 20:38:25,WIN 2026 TAYLORMADE QI4D WOODS & P790 IRONS #46,0.37,11999,195,2.0,72.15
2026-07-12 20:38:25,WIN NAVEE BIRDIE 3 REMOTE #34,3.75,499,6,1.0,22.5
2026-07-12 20:38:25,WIN LTD EDITION TAYLORMADE P790 SHADOWFALL IRONS (5-PW) #16,0.29,9499,116,1.0,33.64
2026-07-12 20:38:25,WIN NEW 2026 DRIVER #407,2.55,469,4,1.0,10.2
2026-07-12 20:38:25,WIN NEW 2026 DRIVER #406,0.65,1849,9,1.0,5.85
2026-07-12 20:38:25,WIN LTD EDITION CALLAWAY QUANTIUM WORLD CUP MINI DRIVER (REG) #3,0.15,6999,336,5.0,50.4
2026-07-12 20:38:25,WIN TAYLORMADE MG5 CHARCOAL WEDGES #53,0.55,2199,0,0.0,0.0
2026-07-12 20:38:25,WIN 2026 VOKEY SM11 CHROME WEDGES #49,3.75,329,1,1.0,3.75
2026-07-12 20:38:25,WIN 2026 TAYLORMADE SPIDER TOUR X TORCHED PUTTER #27,3.75,199,1,1.0,3.75
2026-07-12 20:38:25,WIN SHOTSCOPE LM1 LAUNCH MONITOR #34,1.75,349,4,1.0,7.0
2026-07-12 20:38:25,WIN J LINDEBERG PLAYER PRINT FOREST STAND BAG #1,0.17,5399,42,1.0,7.14
2026-07-12 20:38:25,WIN 4 DOZEN CALLAWAY CHROME TOUR MAJOR SERIES #1,0.85,749,5,1.0,4.25
2026-07-12 20:38:25,WIN 2026 TAYLORMADE QI4D DRIVER #50,3.75,329,4,1.0,15.0
2026-07-12 20:38:25,WIN 2026 TAYLORMADE SPIDER TOUR X TORCHED PUTTER #28,0.25,2999,24,1.0,6.0
2026-07-12 20:38:25,WIN SCOTTY CAMERON FASTBACK OC #1,0.55,2199,2,1.0,1.1
2026-07-12 20:38:25,500 TICKETS INTO TITLEIST OPEN £10K BUNDLE #2,0.34,1249,26,2.0,8.84
2026-07-12 20:38:25,WIN 2026 OPEN MAJOR TAYLORMADE QI4D £3K BUNDLE #1,0.33,21999,296,1.0,97.68
2026-07-12 20:38:25,WIN £500 OPEN MERCH STORE MYSTERY BOX #1,0.12,11999,949,8.0,113.88
2026-07-12 20:38:25,WIN TAYLORMADE P790 IRONS (5-PW) #286,0.33,6999,34,1.0,11.22
2026-07-12 20:38:25,WIN POWAKADDY FX1 ELECTRIC TROLLEY #125,0.15,8999,345,4.0,51.75
2026-07-12 20:38:25,WIN NEW 2026 DRIVER #409,3.75,329,0,0.0,0.0
2026-07-12 20:38:25,WIN NEW 2026 DRIVER #408,0.65,1849,1,1.0,0.65
2026-07-12 20:38:25,"WIN 2026 PING S259 BLACK WEDGES (52,56,60) #1",3.75,329,8,2.0,30.0
2026-07-12 20:38:25,"WIN TAYLORMADE MG5 RED BULL WEDGES (52,56,60) #2",0.19,9999,198,2.0,37.62
2026-07-12 20:38:25,WIN 2026 TAYLORMADE SPIDER TOUR TORCHED PUTTER #23,2.5,299,3,1.0,7.5
2026-07-12 20:38:25,WIN CUSTOM L.A.B DF3 BLUE (RH 35) #24,0.25,4999,97,2.0,24.25
2026-07-12 20:38:25,WIN TITLEIST U505 UTILITY (2 STIFF) #1,0.88,599,0,0.0,0.0
2026-07-12 20:38:25,WIN BUSHNELL TOUR V7 SHIFT #34,0.37,2799,6,1.0,2.22
2026-07-12 20:38:25,WIN GARMIN S44 GPS #107,3.25,259,0,0.0,0.0
2026-07-12 20:38:25,WIN LTD EDITION TITLEIST OPEN S4 STAND BAG #1,0.31,2999,9,1.0,2.79
2026-07-12 20:38:25,WIN 4 DOZEN TITLEIST OPEN EDITION PROV1 BALLS #2,0.8,799,4,1.0,3.2
2026-07-12 20:38:25,WIN LTD EDITION CALLAWAY QUANTUM MAX TD WORLD CUP (9 STIFF) #1,3.75,399,0,0.0,0.0
2026-07-12 20:38:25,WIN 2026 TAYLORMADE SPIDER TOUR TORCHED PUTTER #24,0.5,1499,57,4.0,28.5
2026-07-12 20:38:25,WIN TAYLORMADE MG5 CHARCOAL WEDGES #52,0.15,7999,18,1.0,2.7
2026-07-12 20:38:25,1000 TICKETS INTO ASTON MARTIN COMP #6,0.37,2299,13,1.0,4.81
2026-07-12 20:38:25,WIN 2026 TITLEIST GTS £3K MEGA BUNDLE – OPEN EDIT #2,0.33,21999,63,1.0,20.79
2026-07-12 20:38:25,WIN £500 OPEN MERCH STORE MYSTERY BOX #2,0.24,5999,2,1.0,0.48
2026-07-12 20:38:25,WIN 2026 PING G440 K WOODS BUNDLE #48,0.69,3999,17,1.0,11.73
2026-07-12 20:38:25,WIN 2026 TAYLORMADE SHORT GAME BUNDLE #5,3.75,499,0,0.0,0.0
2026-07-12 20:38:25,WIN LTD EDITION TITLEIST T150 OIL CAN IRONS 5-PW (STIFF) #3,0.15,19999,131,1.0,19.65
2026-07-12 20:38:25,WIN TAYLORMADE P790 IRONS (5-PW) #287,0.66,3499,7,1.0,4.62
2026-07-12 20:38:25,WIN POWAKADDY FX1 ELECTRIC TROLLEY #125,3.75,379,1,1.0,3.75
2026-07-12 20:38:25,WIN NEW 2026 DRIVER #411,1.75,699,0,0.0,0.0
2026-07-12 20:38:25,WIN NEW 2026 DRIVER #410,0.33,3599,8,1.0,2.64
2026-07-12 20:38:25,WIN 2026 VOKEY SM11 NICKEL WEDGES #50,0.15,7999,56,1.0,8.4
2026-07-12 20:38:25,WIN TAYLORMADE MG5 CHROME WEDGES #89,3.75,299,0,0.0,0.0
2026-07-12 20:38:25,WIN 2026 TAYLORMADE SPIDER TOUR X TORCHED PUTTER #29,3.75,199,0,0.0,0.0
2026-07-12 20:38:25,WIN CUSTOM MAJOR EDITION SCOTTY CAMERON STUDIO STYLE #1,0.15,7999,112,1.0,16.8
2026-07-12 20:38:25,WIN TAYLORMADE SPIDER 5K ZT BLACK PUTTER (34 RH) #70,0.75,1499,0,0.0,0.0
2026-07-12 20:38:25,WIN GARMIN R10 LAUNCH MONITOR #8,0.12,9999,237,2.0,28.44
2026-07-12 20:38:25,WIN 2026 LTD OPEN EDITION SRIXON TOUR STAND BAG #1,0.29,2999,4,1.0,1.16
2026-07-12 20:38:25,WIN 4 DOZEN CALLAWAY CHROME TOUR MAJOR SERIES #2,0.85,749,0,0.0,0.0
2026-07-12 20:38:25,WIN 2026 TAYLORMADE SPIDER TOUR X TORCHED PUTTER #30,0.25,2999,1,1.0,0.25
2026-07-12 20:38:25,WIN 2026 TITLEIST GTS DRIVER #16,0.39,3099,0,0.0,0.0
2026-07-12 20:38:25,WIN TAYLORMADE MG5 CHROME WEDGES #90,0.17,6599,7,1.0,1.19
2026-07-12 20:38:25,WIN 500 TICKETS INTO TITLEIST OPEN £10K BUNDLE #3,0.34,1249,0,0.0,0.0
2026-07-12 20:38:25,FREE TO PLAY: WIN 2026 TAYLORMADE SPIDER TOUR X TORCHED PUTTER #1,0.0,9999,1119,11.0,0.0
2026-07-12 20:38:25,WIN TAG HEUER CONNECTED CALIBRE E5 X TAYLORMADE EDITION #4,0.25,19999,10,1.0,2.5
2026-07-12 20:38:25,WIN 2026 OPEN MAJOR TAYLORMADE QI4D £3K BUNDLE #2,0.17,41999,54,1.0,9.18
2026-07-12 20:38:25,WIN NAVEE BIRDIE 3 REMOTE #35,0.22,8999,13,1.0,2.86
2026-07-12 20:38:25,WIN TITLEIST T SERIES IRONS 5-PW #59,0.12,19999,22,1.0,2.64
2026-07-12 20:38:25,WIN NEW 2026 DRIVER #413,3.75,329,0,0.0,0.0
2026-07-12 20:38:25,WIN NEW 2026 DRIVER #412,0.1,11999,10,1.0,1.0
2026-07-12 20:38:25,WIN TAYLORMADE R7 QUAD MINI DRIVER #23,0.37,2499,114,5.0,42.18
2026-07-12 20:38:25,WIN CALLAWAY OPUS SP BLACK SHADOW WEDGES #17,0.45,2499,0,0.0,0.0
2026-07-12 20:38:25,WIN 2026 VOKEY SM11 CHROME WEDGES #50,3.75,329,0,0.0,0.0
2026-07-12 20:38:25,WIN 2026 TAYLORMADE SPIDER TOUR TORCHED PUTTER #25,3.75,199,0,0.0,0.0
2026-07-12 20:38:25,WIN 2026 TAYLORMADE SPIDER TOUR X TORCHED PUTTER #31,0.25,2999,1,1.0,0.25
2026-07-12 20:38:25,WIN 2026 ODYSSEY AI DUAL SQ2SQ JAILBIRD #23,0.22,3299,23,1.0,5.06
2026-07-12 20:38:25,WIN GARMIN Z30 RANGEFINDER #13,0.66,1249,1,1.0,0.66
2026-07-12 20:38:25,WIN LTD EDITION TITLEIST OPEN S4 STAND BAG #2,0.31,2999,52,2.0,16.12
2026-07-12 20:38:25,WIN 4 DOZEN TITLEIST OPEN EDITION PROV1 BALLS #3,0.8,799,2,1.0,1.6
2026-07-12 20:38:25,WIN 1000 TICKETS INTO TITLEIST OPEN £10K BUNDLE #1,0.34,2499,132,5.0,44.88
2026-07-12 20:38:25,WIN 2026 TAYLORMADE SPIDER TOUR X TORCHED PUTTER #32,0.25,2999,0,0.0,0.0
2026-07-12 20:38:25,WIN 2026 PING G440K DRIVER #36,3.75,329,0,0.0,0.0
2026-07-12 20:38:25,WIN 2026 VOKEY SM11 CHROME WEDGES #52,0.45,2699,0,0.0,0.0
2026-07-12 20:38:25,WIN OPEN EDITION TITLEIST £10K MEGA BUNDLE #1,0.85,24999,29,1.0,24.65
2026-07-12 20:38:25,WIN LTD EDITION TAYLORMADE RORS PROTO IRONS 4-PW #2,0.33,9999,0,0.0,0.0
2026-07-12 20:38:25,"WIN 2026 TAYLORMADE QI4D WOODS (DRIVER, FW, HYBRID) #67",3.75,649,0,0.0,0.0
2026-07-12 20:38:25,WIN 2026 TITLEIST SHORT GAME CHROME BUNDLE #8,0.25,8999,0,0.0,0.0
2026-07-12 20:38:25,WIN POWAKADDY RX REMOTE #10,0.33,6999,6,1.0,1.98
2026-07-12 20:38:25,WIN TAYLORMADE P790 IRONS (5-PW) #288,3.75,3499,0,0.0,0.0
2026-07-12 20:38:25,WIN NEW 2026 DRIVER #415,3.75,329,0,0.0,0.0
2026-07-12 20:38:25,WIN NEW 2026 DRIVER #414,0.07,16999,0,0.0,0.0
2026-07-12 20:38:25,WIN LTD EDITION CALLAWAY QUANTIUM WORLD CUP MINI DRIVER (STIFF) #4,0.15,6999,0,0.0,0.0
2026-07-12 20:38:25,WIN TAYLORMADE MG5 CHROME WEDGES #91,0.85,1299,0,0.0,0.0
2026-07-12 20:38:25,WIN 2026 VOKEY SM11 JET BLACK WEDGES #51,3.75,329,0,0.0,0.0
2026-07-12 20:38:25,WIN CUSTOM MAJOR EDITION SCOTTY CAMERON STUDIO STYLE #2,0.15,7999,0,0.0,0.0
2026-07-12 20:38:25,WIN 2026 TAYLORMADE SPIDER TOUR X TORCHED PUTTER #33,2.5,299,0,0.0,0.0
2026-07-12 20:38:25,WIN CUSTOM L.A.B DF3 RED (RH 34) #1,3.55,339,0,0.0,0.0
2026-07-12 20:38:25,WIN 2026 TAYLORMADE SPIDER TOUR TORCHED PUTTER #26,0.25,2999,0,0.0,0.0
2026-07-12 20:38:25,WIN BUSHNELL TOUR V7 SHIFT #35,3.7,279,0,0.0,0.0
2026-07-12 20:38:25,WIN SHOTSCOPE LM1 LAUNCH MONITOR #35,1.75,349,0,0.0,0.0
2026-07-12 20:38:25,WIN 4 DOZEN CALLAWAY CHROME TOUR MAJOR SERIES #3,0.85,749,0,0.0,0.0
2026-07-15 20:53:47,THE OPEN INSTANT WIN COMP – £100K WORTH OF PRIZES #1,3.75,54999,4019,7.0,15071.25
2026-07-15 20:53:47,THE BIG CLEARANCE INSTANT WIN COMP – 50% OFF – £250K WORTH OF PRIZES #1,0.95,399999,75081,19.0,71326.95
2026-07-15 20:53:47,"WIN ASTON MARTIN DB11 4.0 V8 OR £70,000 TAX FREE CASH #1",0.79,205999,41241,20.0,32580.39
2026-07-15 20:53:47,HUGE JULY INSTANT WIN – 4000 INSTANT WIN PRIZES WORTH £400K #1,2.75,299999,33783,11.0,92903.25
2026-07-15 20:53:47,WIN 2026 TAYLORMADE QI4D DRIVER #50,3.75,329,31,9.0,116.25
2026-07-15 20:53:47,WIN 2026 TAYLORMADE SPIDER TOUR X TORCHED PUTTER #28,0.25,2999,1442,48.0,360.5
2026-07-15 20:53:47,WIN SCOTTY CAMERON FASTBACK OC #1,0.55,2199,425,19.0,233.75
2026-07-15 20:53:47,500 TICKETS INTO TITLEIST OPEN £10K BUNDLE #2,0.34,1249,691,55.0,234.94
2026-07-15 20:53:47,WIN 2026 OPEN MAJOR TAYLORMADE QI4D £3K BUNDLE #1,0.33,21999,2970,14.0,980.1
2026-07-15 20:53:47,WIN £500 OPEN MERCH STORE MYSTERY BOX #1,0.12,11999,2097,17.0,251.64
2026-07-15 20:53:47,WIN TAYLORMADE P790 IRONS (5-PW) #286,0.33,6999,768,11.0,253.44
2026-07-15 20:53:47,WIN POWAKADDY FX1 ELECTRIC TROLLEY #125,0.15,8999,1599,18.0,239.85
2026-07-15 20:53:47,WIN NEW 2026 DRIVER #409,3.75,329,21,6.0,78.75
2026-07-15 20:53:47,WIN NEW 2026 DRIVER #408,0.65,1849,25,1.0,16.25
2026-07-15 20:53:47,"WIN 2026 PING S259 BLACK WEDGES (52,56,60) #1",3.75,329,19,6.0,71.25
2026-07-15 20:53:47,"WIN TAYLORMADE MG5 RED BULL WEDGES (52,56,60) #2",0.19,9999,1635,16.0,310.65
2026-07-15 20:53:47,WIN 2026 TAYLORMADE SPIDER TOUR TORCHED PUTTER #23,2.5,299,18,6.0,45.0
2026-07-15 20:53:47,WIN CUSTOM L.A.B DF3 BLUE (RH 35) #24,0.25,4999,945,19.0,236.25
2026-07-15 20:53:47,WIN TITLEIST U505 UTILITY (2 STIFF) #1,0.88,599,95,16.0,83.6
2026-07-15 20:53:47,WIN BUSHNELL TOUR V7 SHIFT #34,0.37,2799,253,9.0,93.61
2026-07-15 20:53:47,WIN GARMIN S44 GPS #107,3.25,259,30,12.0,97.5
2026-07-15 20:53:47,WIN LTD EDITION TITLEIST OPEN S4 STAND BAG #1,0.31,2999,80,3.0,24.8
2026-07-15 20:53:47,WIN 4 DOZEN TITLEIST OPEN EDITION PROV1 BALLS #2,0.8,799,18,2.0,14.4
2026-07-15 20:53:47,WIN LTD EDITION CALLAWAY QUANTUM MAX TD WORLD CUP (9 STIFF) #1,3.75,399,2,1.0,7.5
2026-07-15 20:53:47,WIN 2026 TAYLORMADE SPIDER TOUR TORCHED PUTTER #24,0.5,1499,195,13.0,97.5
2026-07-15 20:53:47,WIN TAYLORMADE MG5 CHARCOAL WEDGES #52,0.15,7999,221,3.0,33.15
2026-07-15 20:53:47,1000 TICKETS INTO ASTON MARTIN COMP #6,0.37,2299,189,8.0,69.93
2026-07-15 20:53:47,WIN 2026 TITLEIST GTS £3K MEGA BUNDLE – OPEN EDIT #2,0.33,21999,829,4.0,273.57
2026-07-15 20:53:47,WIN £500 OPEN MERCH STORE MYSTERY BOX #2,0.24,5999,40,1.0,9.6
2026-07-15 20:53:47,WIN 2026 PING G440 K WOODS BUNDLE #48,0.69,3999,169,4.0,116.61
2026-07-15 20:53:47,WIN 2026 TAYLORMADE SHORT GAME BUNDLE #5,3.75,499,7,1.0,26.25
2026-07-15 20:53:47,WIN LTD EDITION TITLEIST T150 OIL CAN IRONS 5-PW (STIFF) #3,0.15,19999,906,5.0,135.9
2026-07-15 20:53:47,WIN TAYLORMADE P790 IRONS (5-PW) #287,0.66,3499,24,1.0,15.84
2026-07-15 20:53:47,WIN POWAKADDY FX1 ELECTRIC TROLLEY #125,3.75,379,1,1.0,3.75
2026-07-15 20:53:47,WIN NEW 2026 DRIVER #411,1.75,699,5,1.0,8.75
2026-07-15 20:53:47,WIN NEW 2026 DRIVER #410,0.33,3599,41,1.0,13.53
2026-07-15 20:53:47,WIN 2026 VOKEY SM11 NICKEL WEDGES #50,0.15,7999,96,1.0,14.4
2026-07-15 20:53:47,WIN TAYLORMADE MG5 CHROME WEDGES #89,3.75,299,0,0.0,0.0
2026-07-15 20:53:47,WIN 2026 TAYLORMADE SPIDER TOUR X TORCHED PUTTER #29,3.75,199,2,1.0,7.5
2026-07-15 20:53:47,WIN CUSTOM MAJOR EDITION SCOTTY CAMERON STUDIO STYLE #1,0.15,7999,1071,13.0,160.65
2026-07-15 20:53:47,WIN TAYLORMADE SPIDER 5K ZT BLACK PUTTER (34 RH) #70,0.75,1499,47,3.0,35.25
2026-07-15 20:53:47,WIN GARMIN R10 LAUNCH MONITOR #8,0.12,9999,550,6.0,66.0
2026-07-15 20:53:47,WIN 2026 LTD OPEN EDITION SRIXON TOUR STAND BAG #1,0.29,2999,34,1.0,9.86
2026-07-15 20:53:47,WIN 4 DOZEN CALLAWAY CHROME TOUR MAJOR SERIES #2,0.85,749,9,1.0,7.65
2026-07-15 20:53:47,WIN 2026 TAYLORMADE SPIDER TOUR X TORCHED PUTTER #30,0.25,2999,112,4.0,28.0
2026-07-15 20:53:47,WIN 2026 TITLEIST GTS DRIVER #16,0.39,3099,11,1.0,4.29
2026-07-15 20:53:47,WIN TAYLORMADE MG5 CHROME WEDGES #90,0.17,6599,10,1.0,1.7
2026-07-15 20:53:47,WIN 500 TICKETS INTO TITLEIST OPEN £10K BUNDLE #3,0.34,1249,104,8.0,35.36
2026-07-15 20:53:47,FREE TO PLAY: WIN 2026 TAYLORMADE SPIDER TOUR X TORCHED PUTTER #1,0.0,9999,1596,16.0,0.0
2026-07-15 20:53:47,WIN TAG HEUER CONNECTED CALIBRE E5 X TAYLORMADE EDITION #4,0.25,19999,140,1.0,35.0
2026-07-15 20:53:47,WIN 2026 OPEN MAJOR TAYLORMADE QI4D £3K BUNDLE #2,0.17,41999,394,1.0,66.98
2026-07-15 20:53:47,WIN NAVEE BIRDIE 3 REMOTE #35,0.22,8999,81,1.0,17.82
2026-07-15 20:53:47,WIN TITLEIST T SERIES IRONS 5-PW #59,0.12,19999,1765,9.0,211.8
2026-07-15 20:53:47,WIN NEW 2026 DRIVER #413,3.75,329,1,1.0,3.75
2026-07-15 20:53:47,WIN NEW 2026 DRIVER #412,0.1,11999,86,1.0,8.6
2026-07-15 20:53:47,WIN TAYLORMADE R7 QUAD MINI DRIVER #23,0.37,2499,236,9.0,87.32
2026-07-15 20:53:47,WIN CALLAWAY OPUS SP BLACK SHADOW WEDGES #17,0.45,2499,0,0.0,0.0
2026-07-15 20:53:47,WIN 2026 VOKEY SM11 CHROME WEDGES #50,3.75,329,0,0.0,0.0
2026-07-15 20:53:47,WIN 2026 TAYLORMADE SPIDER TOUR TORCHED PUTTER #25,3.75,199,5,3.0,18.75
2026-07-15 20:53:47,WIN 2026 TAYLORMADE SPIDER TOUR X TORCHED PUTTER #31,0.25,2999,94,3.0,23.5
2026-07-15 20:53:47,WIN 2026 ODYSSEY AI DUAL SQ2SQ JAILBIRD #23,0.22,3299,223,7.0,49.06
2026-07-15 20:53:47,WIN GARMIN Z30 RANGEFINDER #13,0.66,1249,8,1.0,5.28
2026-07-15 20:53:47,WIN LTD EDITION TITLEIST OPEN S4 STAND BAG #2,0.31,2999,55,2.0,17.05
2026-07-15 20:53:47,WIN 4 DOZEN TITLEIST OPEN EDITION PROV1 BALLS #3,0.8,799,4,1.0,3.2
2026-07-15 20:53:47,WIN 1000 TICKETS INTO TITLEIST OPEN £10K BUNDLE #1,0.34,2499,141,6.0,47.94
2026-07-15 20:53:47,WIN 2026 TAYLORMADE SPIDER TOUR X TORCHED PUTTER #32,0.25,2999,3,1.0,0.75
2026-07-15 20:53:47,WIN 2026 PING G440K DRIVER #36,3.75,329,3,1.0,11.25
2026-07-15 20:53:47,WIN 2026 VOKEY SM11 CHROME WEDGES #52,0.45,2699,6,1.0,2.7
2026-07-15 20:53:47,WIN OPEN EDITION TITLEIST £10K MEGA BUNDLE #1,0.85,24999,941,4.0,799.85
2026-07-15 20:53:47,WIN LTD EDITION TAYLORMADE RORS PROTO IRONS 4-PW #2,0.33,9999,133,1.0,43.89
2026-07-15 20:53:47,"WIN 2026 TAYLORMADE QI4D WOODS (DRIVER, FW, HYBRID) #67",3.75,649,12,2.0,45.0
2026-07-15 20:53:47,WIN 2026 TITLEIST SHORT GAME CHROME BUNDLE #8,0.25,8999,27,1.0,6.75
2026-07-15 20:53:47,WIN POWAKADDY RX REMOTE #10,0.33,6999,175,3.0,57.75
2026-07-15 20:53:47,WIN TAYLORMADE P790 IRONS (5-PW) #288,0.69,3499,3,1.0,2.07
2026-07-15 20:53:47,WIN NEW 2026 DRIVER #415,3.75,329,1,1.0,3.75
2026-07-15 20:53:47,WIN NEW 2026 DRIVER #414,0.07,16999,52,1.0,3.64
2026-07-15 20:53:47,WIN LTD EDITION CALLAWAY QUANTIUM WORLD CUP MINI DRIVER (STIFF) #4,0.15,6999,4,1.0,0.6
2026-07-15 20:53:47,WIN TAYLORMADE MG5 CHROME WEDGES #91,0.85,1299,0,0.0,0.0
2026-07-15 20:53:47,WIN 2026 VOKEY SM11 JET BLACK WEDGES #51,3.75,329,5,2.0,18.75
2026-07-15 20:53:47,WIN CUSTOM MAJOR EDITION SCOTTY CAMERON STUDIO STYLE #2,0.15,7999,574,7.0,86.1
2026-07-15 20:53:47,WIN 2026 TAYLORMADE SPIDER TOUR X TORCHED PUTTER #33,2.5,299,3,1.0,7.5
2026-07-15 20:53:47,WIN CUSTOM L.A.B DF3 RED (RH 34) #1,3.55,339,8,2.0,28.4
2026-07-15 20:53:47,WIN 2026 TAYLORMADE SPIDER TOUR TORCHED PUTTER #26,0.25,2999,6,1.0,1.5
2026-07-15 20:53:47,WIN BUSHNELL TOUR V7 SHIFT #35,3.7,279,3,1.0,11.1
2026-07-15 20:53:47,WIN SHOTSCOPE LM1 LAUNCH MONITOR #35,1.75,349,1,1.0,1.75
2026-07-15 20:53:47,WIN 4 DOZEN CALLAWAY CHROME TOUR MAJOR SERIES #3,0.85,749,11,1.0,9.35
2026-07-15 20:53:47,WIN 2026 TAYLORMADE SPIDER TOUR TORCHED PUTTER #27,3.75,199,2,1.0,7.5
2026-07-15 20:53:47,WIN 2026 VOKEY SM11 NICKEL WEDGES #51,0.55,2199,4,1.0,2.2
2026-07-15 20:53:47,1000 TICKETS INTO ASTON MARTIN COMP #7,0.14,5999,407,7.0,56.98
2026-07-15 20:53:47,WIN 2026 TAYLORMADE QI4D DRIVER #50,0.75,1599,3,1.0,2.25
2026-07-15 20:53:47,WIN 2026 TAYLORMADE QI4D WOODS & P790 IRONS #47,3.75,1199,3,1.0,11.25
2026-07-15 20:53:47,WIN 2026 TITLEIST GTS WOODS BUNDLE #8,0.37,7999,16,1.0,5.92
2026-07-15 20:53:47,WIN LTD EDITION TAYLORMADE P790 SHADOWFALL IRONS (5-PW) #17,0.29,9499,5,1.0,1.45
2026-07-15 20:53:47,WIN NAVEE BIRDIE 3 REMOTE #36,0.22,8999,98,1.0,21.56
2026-07-15 20:53:47,WIN NEW 2026 DRIVER #417,2.55,469,0,0.0,0.0
2026-07-15 20:53:47,WIN NEW 2026 DRIVER #416,0.65,1849,0,0.0,0.0
2026-07-15 20:53:47,WIN TAYLORMADE MG5 CHROME WEDGES #92,0.17,6599,1,1.0,0.17
2026-07-15 20:53:47,WIN 2026 VOKEY SM11 NICKEL WEDGES #52,0.66,1799,1,1.0,0.66
2026-07-15 20:53:47,WIN TAYLORMADE SPIDER 5K ZT PUTTER #85,3.75,299,0,0.0,0.0
2026-07-15 20:53:47,WIN SCOTTY CAMERON STUDIO STYLE #137,1.33,799,0,0.0,0.0
2026-07-15 20:53:47,WIN 2026 TAYLORMADE SPIDER TOUR X TORCHED PUTTER #34,0.25,2999,1,1.0,0.25
2026-07-15 20:53:47,WIN GARMIN Z30 RANGEFINDER #14,3.75,199,1,1.0,3.75
2026-07-15 20:53:47,WIN CALLAWAY FAIRWAY C HD BLACK CAMO STAND #7,0.35,1299,24,2.0,8.4
2026-07-15 20:53:47,WIN 4 DOZEN PROV1X #89,0.75,699,1,1.0,0.75
2026-07-15 20:53:47,WIN TAYLORMADE MG5 CHARCOAL WEDGES #53,0.17,6599,21,1.0,3.57
2026-07-15 20:53:47,WIN 2026 TAYLORMADE SPIDER TOUR X TORCHED PUTTER #36,2.5,299,0,0.0,0.0
2026-07-15 20:53:47,WIN 2026 PING G440K DRIVER #36,0.75,1699,15,1.0,11.25
2026-07-15 20:53:47,WIN 1000 TICKETS INTO TAYLORMADE £10K BUNDLE #1,0.22,2499,17,1.0,3.74
2026-07-15 20:53:47,WIN 2026 PING G440 £3K MEGA BUNDLE #27,2.75,2599,21,1.0,57.75
2026-07-15 20:53:47,"WIN 2026 TAYLORMADE QI4D WOODS (DRIVER, FW, HYBRID) #68",0.7,3499,47,1.0,32.9
2026-07-15 20:53:47,WIN 2026 TITLEIST SHORT GAME CHROME BUNDLE #9,0.25,8999,0,0.0,0.0
2026-07-15 20:53:47,WIN TAYLORMADE P790 IRONS (5-PW) #289,3.75,599,0,0.0,0.0
2026-07-15 20:53:47,WIN POWAKADDY FX1 ELECTRIC TROLLEY #126,0.66,1999,24,1.0,15.84
2026-07-15 20:53:47,WIN NEW 2026 DRIVER #420,2.55,469,0,0.0,0.0
2026-07-15 20:53:47,WIN NEW 2026 DRIVER #419,0.65,1849,1,1.0,0.65
2026-07-15 20:53:47,WIN NEW 2026 DRIVER #418,0.1,11999,25,1.0,2.5
2026-07-15 20:53:47,WIN 2026 VOKEY SM11 JET BLACK WEDGES #52,1.72,699,1,1.0,1.72
2026-07-15 20:53:47,WIN CALLAWAY OPUS SP BRUSHED CHROME WEDGES #10,0.45,2499,13,1.0,5.85
2026-07-15 20:53:47,WIN 2026 TAYLORMADE SPIDER TOUR TORCHED PUTTER #28,0.25,2999,20,1.0,5.0
2026-07-15 20:53:47,WIN TAYLORMADE SPIDER 5K ZT PUTTER #84,0.75,1499,0,0.0,0.0
2026-07-15 20:53:47,WIN 2026 LAB VZN.1I PUTTER #4,3.75,329,0,0.0,0.0
2026-07-15 20:53:47,WIN TAYLORMADE P SERIES UDI #18,0.44,1199,101,8.0,44.44
2026-07-15 20:53:47,WIN GARMIN S44 GPS #108,3.25,259,1,1.0,3.25
2026-07-15 20:53:47,WIN SHOTSCOPE PRO L5 RANGEFINDER #7,0.65,899,83,9.0,53.95
2026-07-15 20:53:47,WIN OGIO FUSE STAND #16,0.35,1499,50,3.0,17.5
2026-07-15 20:53:47,WIN 4 DOZEN TAYLORMADE TP5 PIX #27,0.85,599,1,1.0,0.85
2026-07-15 20:53:47,WIN 1000 TICKETS INTO ASTON MARTIN COMP #8,3.75,225,0,0.0,0.0
2026-07-15 20:53:47,WIN 2026 TITLEIST GTS DRIVER #16,0.39,3099,13,1.0,5.07
2026-07-15 20:53:47,WIN TAYLORMADE MG5 CHROME WEDGES #93,0.17,6599,1,1.0,0.17
2026-07-15 20:53:47,WIN 2026 TAYLORMADE SPIDER TOUR TORCHED PUTTER #29,0.25,2999,0,0.0,0.0
2026-07-15 20:53:47,WIN L.A.B DF3 #67,3.75,299,0,0.0,0.0
2026-07-15 20:53:47,WIN TAG HEUER CONNECTED CALIBRE E5 X TAYLORMADE EDITION #5,0.33,14999,94,1.0,31.02
2026-07-15 20:53:47,WIN 2026 TAYLORMADE QI4D WOODS & P790 IRONS #48,0.37,11999,3,1.0,1.11
2026-07-15 20:53:47,WIN NAVEE BIRDIE 3 REMOTE #36,3.75,499,0,0.0,0.0
2026-07-15 20:53:47,WIN TITLEIST T SERIES IRONS 5-PW #58,0.12,19999,2,1.0,0.24
2026-07-15 20:53:47,WIN NEW 2026 DRIVER #422,2.55,469,0,0.0,0.0
2026-07-15 20:53:47,WIN NEW 2026 DRIVER #421,0.65,1849,1,1.0,0.65
2026-07-15 20:53:47,WIN 2026 CALLAWAY QUANTUM MINI DRIVER #22,0.15,6999,0,0.0,0.0
2026-07-15 20:53:47,WIN TAYLORMADE MG5 CHARCOAL WEDGES #54,0.55,2199,1,1.0,0.55
2026-07-15 20:53:47,WIN 2026 VOKEY SM11 CHROME WEDGES #53,3.75,329,0,0.0,0.0
2026-07-15 20:53:47,WIN SCOTTY CAMERON STUDIO STYLE #137,0.27,3999,0,0.0,0.0
2026-07-15 20:53:47,WIN 2026 TAYLORMADE SPIDER TOUR X TORCHED PUTTER #37,3.75,199,1,1.0,3.75
2026-07-15 20:53:47,WIN SHOTSCOPE LM1 LAUNCH MONITOR #36,1.75,349,0,0.0,0.0
2026-07-15 20:53:47,WIN J LINDEBERG PLAYER PRINT FOREST STAND BAG #2,0.17,5399,5,1.0,0.85
2026-07-15 20:53:47,WIN 4 DOZEN PROV1 GOLF BALLS #104,0.85,549,3,1.0,2.55
2026-07-19 20:40:16,THE OPEN INSTANT WIN COMP – £100K WORTH OF PRIZES #1,3.75,54999,13860,25.0,51975.0
2026-07-19 20:40:16,"WIN ASTON MARTIN DB11 4.0 V8 OR £70,000 TAX FREE CASH #1",0.79,205999,49698,24.0,39261.42
2026-07-19 20:40:16,THE BIG CLEARANCE INSTANT WIN COMP – 50% OFF – £250K WORTH OF PRIZES #1,0.95,399999,106450,27.0,101127.5
2026-07-19 20:40:16,HUGE JULY INSTANT WIN – 4000 INSTANT WIN PRIZES WORTH £400K #1,2.75,299999,36580,12.0,100595.0
2026-07-19 20:40:16,WIN 2026 TAYLORMADE SPIDER TOUR TORCHED PUTTER #27,3.75,199,50,25.0,187.5
2026-07-19 20:40:16,WIN 2026 VOKEY SM11 NICKEL WEDGES #51,0.55,2199,341,16.0,187.55
2026-07-19 20:40:16,1000 TICKETS INTO ASTON MARTIN COMP #7,0.14,5999,1711,29.0,239.54
2026-07-19 20:40:16,WIN 2026 TAYLORMADE QI4D DRIVER #50,0.75,1599,156,10.0,117.0
2026-07-19 20:40:16,WIN 2026 TAYLORMADE QI4D WOODS & P790 IRONS #47,3.75,1199,70,6.0,262.5
2026-07-19 20:40:16,WIN 2026 TITLEIST GTS WOODS BUNDLE #8,0.37,7999,334,4.0,123.58
2026-07-19 20:40:16,WIN LTD EDITION TAYLORMADE P790 SHADOWFALL IRONS (5-PW) #17,0.29,9499,569,6.0,165.01
2026-07-19 20:40:16,WIN NAVEE BIRDIE 3 REMOTE #36,0.22,8999,1286,14.0,282.92
2026-07-19 20:40:16,WIN NEW 2026 DRIVER #417,2.55,469,5,1.0,12.75
2026-07-19 20:40:16,WIN NEW 2026 DRIVER #416,0.65,1849,32,2.0,20.8
2026-07-19 20:40:16,WIN TAYLORMADE MG5 CHROME WEDGES #92,0.17,6599,205,3.0,34.85
2026-07-19 20:40:16,WIN 2026 VOKEY SM11 NICKEL WEDGES #52,0.66,1799,54,3.0,35.64
2026-07-19 20:40:16,WIN TAYLORMADE SPIDER 5K ZT PUTTER #85,3.75,299,6,2.0,22.5
2026-07-19 20:40:16,WIN SCOTTY CAMERON STUDIO STYLE #137,1.33,799,14,2.0,18.62
2026-07-19 20:40:16,WIN 2026 TAYLORMADE SPIDER TOUR X TORCHED PUTTER #34,0.25,2999,157,5.0,39.25
2026-07-19 20:40:16,WIN GARMIN Z30 RANGEFINDER #14,3.75,199,11,6.0,41.25
2026-07-19 20:40:16,WIN CALLAWAY FAIRWAY C HD BLACK CAMO STAND #7,0.35,1299,200,15.0,70.0
2026-07-19 20:40:16,WIN 4 DOZEN PROV1X #89,0.75,699,107,15.0,80.25
2026-07-19 20:40:16,WIN TAYLORMADE MG5 CHARCOAL WEDGES #53,0.17,6599,274,4.0,46.58
2026-07-19 20:40:16,WIN 2026 TAYLORMADE SPIDER TOUR X TORCHED PUTTER #36,2.5,299,2,1.0,5.0
2026-07-19 20:40:16,WIN 2026 PING G440K DRIVER #36,0.75,1699,50,3.0,37.5
2026-07-19 20:40:16,WIN 1000 TICKETS INTO TAYLORMADE £10K BUNDLE #1,0.22,2499,346,14.0,76.12
2026-07-19 20:40:16,WIN 2026 PING G440 £3K MEGA BUNDLE #27,2.75,2599,80,3.0,220.0
2026-07-19 20:40:16,"WIN 2026 TAYLORMADE QI4D WOODS (DRIVER, FW, HYBRID) #68",0.7,3499,74,2.0,51.8
2026-07-19 20:40:16,WIN 2026 TITLEIST SHORT GAME CHROME BUNDLE #9,0.25,8999,150,2.0,37.5
2026-07-19 20:40:16,WIN TAYLORMADE P790 IRONS (5-PW) #289,3.75,599,9,2.0,33.75
2026-07-19 20:40:16,WIN POWAKADDY FX1 ELECTRIC TROLLEY #126,0.66,1999,126,6.0,83.16
2026-07-19 20:40:16,WIN NEW 2026 DRIVER #420,2.55,469,4,1.0,10.2
2026-07-19 20:40:16,WIN NEW 2026 DRIVER #419,0.65,1849,8,1.0,5.2
2026-07-19 20:40:16,WIN NEW 2026 DRIVER #418,0.1,11999,167,1.0,16.7
2026-07-19 20:40:16,WIN 2026 VOKEY SM11 JET BLACK WEDGES #52,1.72,699,6,1.0,10.32
2026-07-19 20:40:16,WIN CALLAWAY OPUS SP BRUSHED CHROME WEDGES #10,0.45,2499,41,2.0,18.45
2026-07-19 20:40:16,WIN 2026 TAYLORMADE SPIDER TOUR TORCHED PUTTER #28,0.25,2999,28,1.0,7.0
2026-07-19 20:40:16,WIN TAYLORMADE SPIDER 5K ZT PUTTER #84,0.75,1499,16,1.0,12.0
2026-07-19 20:40:16,WIN 2026 LAB VZN.1I PUTTER #4,3.75,329,30,9.0,112.5
2026-07-19 20:40:16,WIN TAYLORMADE P SERIES UDI #18,0.44,1199,146,12.0,64.24
2026-07-19 20:40:16,WIN GARMIN S44 GPS #108,3.25,259,30,12.0,97.5
2026-07-19 20:40:16,WIN SHOTSCOPE PRO L5 RANGEFINDER #7,0.65,899,134,15.0,87.1
2026-07-19 20:40:16,WIN OGIO FUSE STAND #16,0.35,1499,118,8.0,41.3
2026-07-19 20:40:16,WIN 4 DOZEN TAYLORMADE TP5 PIX #27,0.85,599,91,15.0,77.35
2026-07-19 20:40:16,WIN 1000 TICKETS INTO ASTON MARTIN COMP #8,3.75,225,0,0.0,0.0
2026-07-19 20:40:16,WIN 2026 TITLEIST GTS DRIVER #16,0.39,3099,33,1.0,12.87
2026-07-19 20:40:16,WIN TAYLORMADE MG5 CHROME WEDGES #93,0.17,6599,24,1.0,4.08
2026-07-19 20:40:16,WIN 2026 TAYLORMADE SPIDER TOUR TORCHED PUTTER #29,0.25,2999,1,1.0,0.25
2026-07-19 20:40:16,WIN L.A.B DF3 #67,3.75,299,2,1.0,7.5
2026-07-19 20:40:16,WIN TAG HEUER CONNECTED CALIBRE E5 X TAYLORMADE EDITION #5,0.33,14999,824,5.0,271.92
2026-07-19 20:40:16,WIN 2026 TAYLORMADE QI4D WOODS & P790 IRONS #48,0.37,11999,86,1.0,31.82
2026-07-19 20:40:16,WIN NAVEE BIRDIE 3 REMOTE #36,3.75,499,11,2.0,41.25
2026-07-19 20:40:16,WIN TITLEIST T SERIES IRONS 5-PW #58,0.12,19999,319,2.0,38.28
2026-07-19 20:40:16,WIN NEW 2026 DRIVER #422,2.55,469,0,0.0,0.0
2026-07-19 20:40:16,WIN NEW 2026 DRIVER #421,0.65,1849,3,1.0,1.95
2026-07-19 20:40:16,WIN 2026 CALLAWAY QUANTUM MINI DRIVER #22,0.15,6999,42,1.0,6.3
2026-07-19 20:40:16,WIN TAYLORMADE MG5 CHARCOAL WEDGES #54,0.55,2199,2,1.0,1.1
2026-07-19 20:40:16,WIN 2026 VOKEY SM11 CHROME WEDGES #53,3.75,329,0,0.0,0.0
2026-07-19 20:40:16,WIN SCOTTY CAMERON STUDIO STYLE #137,0.27,3999,2,1.0,0.54
2026-07-19 20:40:16,WIN 2026 TAYLORMADE SPIDER TOUR X TORCHED PUTTER #37,3.75,199,3,2.0,11.25
2026-07-19 20:40:16,WIN SHOTSCOPE LM1 LAUNCH MONITOR #36,1.75,349,2,1.0,3.5
2026-07-19 20:40:16,WIN J LINDEBERG PLAYER PRINT FOREST STAND BAG #2,0.17,5399,33,1.0,5.61
2026-07-19 20:40:16,WIN 4 DOZEN PROV1 GOLF BALLS #104,0.85,549,15,3.0,12.75
2026-07-19 20:40:16,WIN 2026 TAYLORMADE QI4D DRIVER #51,3.75,329,0,0.0,0.0
2026-07-19 20:40:16,WIN 2026 TAYLORMADE SPIDER TOUR X TORCHED PUTTER #38,0.25,2999,62,2.0,15.5
2026-07-19 20:40:16,WIN SCOTTY CAMERON STUDIO STYLE #138,0.75,1499,3,1.0,2.25
2026-07-19 20:40:16,WIN 1000 TICKETS INTO TAYLORMADE £10K BUNDLE #2,2.2,249,4,2.0,8.8
2026-07-19 20:40:16,WIN 2026 TAYLORMADE QI4D £3K BUNDLE #40,0.33,21999,249,1.0,82.17
2026-07-19 20:40:16,WIN 2026 PING G440 K WOODS BUNDLE #49,0.69,3999,30,1.0,20.7
2026-07-19 20:40:16,WIN TAYLORMADE P790 IRONS (5-PW) #290,3.75,649,1,1.0,3.75
2026-07-19 20:40:16,WIN POWAKADDY FX1 ELECTRIC TROLLEY #127,0.15,8999,331,4.0,49.65
2026-07-19 20:40:16,WIN NEW 2026 DRIVER #424,3.75,329,1,1.0,3.75
2026-07-19 20:40:16,WIN NEW 2026 DRIVER #423,0.65,1849,1,1.0,0.65
2026-07-19 20:40:16,WIN 2026 VOKEY SM11 NICKEL WEDGES #53,0.22,5399,15,1.0,3.3
2026-07-19 20:40:16,WIN TAYLORMADE MG5 CHROME WEDGES #94,3.75,299,0,0.0,0.0
2026-07-19 20:40:16,WIN 2026 TAYLORMADE SPIDER TOUR TORCHED PUTTER #30,2.5,299,0,0.0,0.0
2026-07-19 20:40:16,WIN 2026 ODYSSEY DAMASCUS MILLED #14,0.35,3099,178,6.0,62.3
2026-07-19 20:40:16,WIN TAYLORMADE SPIDER 5K ZT PUTTER #86,0.75,1499,2,1.0,1.5
2026-07-19 20:40:16,WIN TITLEIST U505 UTILITY #2,0.88,599,4,1.0,3.52
2026-07-19 20:40:16,WIN SHOTSCOPE LM1 LAUNCH MONITOR #37,0.18,3499,334,10.0,60.12
2026-07-19 20:40:16,WIN BUSHNELL TOUR V7 SHIFT #36,0.37,2799,12,1.0,4.44
2026-07-19 20:40:16,WIN GARMIN S44 GPS #109,3.25,259,4,2.0,13.0
2026-07-19 20:40:16,WIN 2026 CALLAWAY QUANTUM STAFF STAND #5,0.17,5399,105,2.0,17.85
2026-07-19 20:40:16,WIN 4 DOZEN PROV1X #90,0.75,699,18,3.0,13.5
2026-07-19 20:40:16,WIN 2026 TAYLORMADE QI4D SHADOWFALL DRIVER #14,3.75,399,0,0.0,0.0
2026-07-19 20:40:16,WIN 2026 TAYLORMADE SPIDER TOUR TORCHED PUTTER #31,0.5,1499,0,0.0,0.0
2026-07-19 20:40:16,WIN TAYLORMADE MG5 CHROME WEDGES #95,3.75,299,0,0.0,0.0
2026-07-19 20:40:16,WIN 1000 TICKETS INTO ASTON MARTIN COMP #9,0.37,2299,4,1.0,1.48
2026-07-19 20:40:16,WIN 2026 TITLEIST GTS £3K MEGA BUNDLE #13,0.33,21999,79,1.0,26.07
2026-07-19 20:40:16,"WIN 2026 TAYLORMADE QI4D WOODS (DRIVER, FW, HYBRID) #69",0.7,3499,0,0.0,0.0
2026-07-19 20:40:16,WIN 2026 TAYLORMADE SHORT GAME BUNDLE #5,3.75,499,0,0.0,0.0
2026-07-19 20:40:16,WIN TAYLORMADE P790 IRONS (5-PW) #291,0.66,3499,1,1.0,0.66
2026-07-19 20:40:16,WIN 2026 MOTOCADDY M7 REMOTE TROLLEY #1,0.35,7499,243,3.0,85.05
2026-07-19 20:40:16,WIN NEW 2026 DRIVER #426,1.75,699,0,0.0,0.0
2026-07-19 20:40:16,WIN NEW 2026 DRIVER #425,0.33,3599,1,1.0,0.33
2026-07-19 20:40:16,WIN 2026 VOKEY SM11 CHROME WEDGES #54,3.75,329,0,0.0,0.0
2026-07-19 20:40:16,WIN TAYLORMADE MG5 CHARCOAL WEDGES #55,0.15,7999,19,1.0,2.85
2026-07-19 20:40:16,WIN 2026 TAYLORMADE SPIDER TOUR X TORCHED PUTTER #39,3.75,199,1,1.0,3.75
2026-07-19 20:40:16,WIN NEW SCOTTY CAMERON PHANTOM 3.2 PUTTER #1,0.15,7999,130,2.0,19.5
2026-07-19 20:40:16,WIN 2026 TAYLORMADE SPIDER 5K ZT MAX PUTTER #1,0.75,1499,1,1.0,0.75
2026-07-19 20:40:16,WIN GARMIN R10 LAUNCH MONITOR #9,0.12,9999,163,2.0,19.56
2026-07-19 20:40:16,WIN SHOTSCOPE LM1 LAUNCH MONITOR #38,0.18,3499,75,2.0,13.5
2026-07-19 20:40:16,WIN 4 DOZEN TAYLORMADE TP5 PIX #28,0.85,599,5,1.0,4.25
2026-07-19 20:40:16,WIN 2026 TAYLORMADE SPIDER TOUR X TORCHED PUTTER #41,0.25,2999,1,1.0,0.25
2026-07-19 20:40:16,WIN 2026 TITLEIST GTS DRIVER #18,0.39,3099,0,0.0,0.0
2026-07-19 20:40:16,WIN 2026 VOKEY SM11 JET BLACK WEDGES #53,3.75,329,0,0.0,0.0
2026-07-19 20:40:16,WIN 1000 TICKETS INTO TAYLORMADE £10K BUNDLE #3,0.22,2499,5,1.0,1.1
2026-07-19 20:40:16,WIN TAG HEUER CONNECTED CALIBRE E5 X TAYLORMADE EDITION #6,0.66,7499,23,1.0,15.18
2026-07-19 20:40:16,WIN 2026 TAYLORMADE QI4D WOODS & P790 IRONS #49,0.37,11999,21,1.0,7.77
2026-07-19 20:40:16,WIN NAVEE BIRDIE 3 REMOTE #36,0.22,8999,105,1.0,23.1
2026-07-19 20:40:16,WIN TITLEIST T SERIES IRONS 5-PW #60,0.12,19999,15,1.0,1.8
2026-07-19 20:40:16,WIN NEW 2026 DRIVER #428,3.75,329,0,0.0,0.0
2026-07-19 20:40:16,WIN NEW 2026 DRIVER #427,0.1,11999,2,1.0,0.2
2026-07-19 20:40:16,WIN TAYLORMADE R7 QUAD MINI DRIVER #24,0.37,2499,41,2.0,15.17
2026-07-19 20:40:16,WIN CALLAWAY OPUS SP BLACK SHADOW WEDGES #18,0.45,2499,0,0.0,0.0
2026-07-19 20:40:16,WIN TAYLORMADE MG5 CHROME WEDGES #96,3.75,299,0,0.0,0.0
2026-07-19 20:40:16,WIN 2026 TAYLORMADE SPIDER TOUR TORCHED PUTTER #32,3.75,199,0,0.0,0.0
2026-07-19 20:40:16,WIN 2026 TAYLORMADE SPIDER TOUR X TORCHED PUTTER #40,0.25,2999,23,1.0,5.75
2026-07-19 20:40:16,WIN 2026 ODYSSEY AI DUAL SQ2SQ JAILBIRD #23,0.22,3299,24,1.0,5.28
2026-07-19 20:40:16,WIN GARMIN Z30 RANGEFINDER #15,0.66,1249,0,0.0,0.0
2026-07-19 20:40:16,WIN 2026 TAYLORMADE QI4D STAFF STAND #8,0.34,2699,38,1.0,12.92
2026-07-19 20:40:16,WIN 4 DOZEN TAYLORMADE TP5 STRIPE #7,0.8,799,12,2.0,9.6
2026-07-19 20:40:16,WIN 1000 TICKETS INTO TAYLORMADE £10K BUNDLE #4,0.22,2499,0,0.0,0.0
2026-07-19 20:40:16,WIN 2026 TAYLORMADE SPIDER TOUR X TORCHED PUTTER #42,0.25,2999,0,0.0,0.0
2026-07-19 20:40:16,WIN 1000 TICKETS INTO TAYLORMADE £10K BUNDLE #5,2.5,219,0,0.0,0.0
2026-07-19 20:40:16,WIN 2026 TAYLORMADE QI4D DRIVER #52,3.75,329,0,0.0,0.0
2026-07-19 20:40:16,WIN £10K TAYLORMADE MEGA BUNDLE #1,0.55,39999,0,0.0,0.0
2026-07-19 20:40:16,WIN LTD EDITION TITLTIEST T150 BLACK VAPOR IRONS #1,0.2,19999,0,0.0,0.0
2026-07-19 20:40:16,WIN 2026 PING G440 K WOODS BUNDLE #50,3.75,749,0,0.0,0.0
2026-07-19 20:40:16,WIN 2026 TITLEIST SHORT GAME CHROME BUNDLE #10,0.25,8999,0,0.0,0.0
2026-07-19 20:40:16,WIN POWAKADDY RX REMOTE #11,0.33,6999,0,0.0,0.0
2026-07-19 20:40:16,WIN TAYLORMADE P790 IRONS (5-PW) #292,0.69,3499,0,0.0,0.0
2026-07-19 20:40:16,WIN NEW 2026 DRIVER #430,3.75,329,0,0.0,0.0
2026-07-19 20:40:16,WIN NEW 2026 DRIVER #429,0.07,16999,0,0.0,0.0
2026-07-19 20:40:16,WIN 2026 CALLAWAY QUANTUM MINI DRIVER #23,0.15,6999,0,0.0,0.0
2026-07-19 20:40:16,WIN TAYLORMADE MG5 CHROME WEDGES #97,0.85,1299,0,0.0,0.0
2026-07-19 20:40:16,WIN 2026 VOKEY SM11 NICKEL WEDGES #54,3.75,329,0,0.0,0.0
2026-07-19 20:40:16,WIN NEW SCOTTY CAMERON PHANTOM 3.2 PUTTER #2,0.15,7999,0,0.0,0.0
2026-07-19 20:40:16,WIN 2026 TAYLORMADE SPIDER TOUR X TORCHED PUTTER #43,2.5,299,0,0.0,0.0
2026-07-19 20:40:16,WIN CUSTOM L.A.B DF3 ORANGE #5,3.55,339,0,0.0,0.0
2026-07-19 20:40:16,WIN 2026 TAYLORMADE SPIDER TOUR TORCHED PUTTER #33,0.25,2999,0,0.0,0.0
2026-07-19 20:40:16,WIN BUSHNELL TOUR V7 SHIFT #37,3.7,279,0,0.0,0.0
2026-07-19 20:40:16,WIN SHOTSCOPE LM1 LAUNCH MONITOR #39,1.75,349,0,0.0,0.0
2026-07-19 20:40:16,WIN 4 DOZEN PROV1 GOLF BALLS #105,0.85,549,0,0.0,0.0
2026-07-22 20:59:19,HUGE JULY INSTANT WIN – 4000 INSTANT WIN PRIZES WORTH £400K #1,2.75,299999,40245,13.0,110673.75
2026-07-22 20:59:19,"WIN ASTON MARTIN DB11 4.0 V8 OR £70,000 TAX FREE CASH #1",0.79,205999,58065,28.0,45871.35
2026-07-22 20:59:19,THE BIG CLEARANCE INSTANT WIN COMP – 50% OFF – £250K WORTH OF PRIZES #1,0.95,399999,129480,32.0,123006.0
2026-07-22 20:59:19,WIN 2026 TAYLORMADE QI4D DRIVER #51,3.75,329,25,8.0,93.75
2026-07-22 20:59:19,WIN 2026 TAYLORMADE SPIDER TOUR X TORCHED PUTTER #38,0.25,2999,1289,43.0,322.25
2026-07-22 20:59:19,WIN SCOTTY CAMERON STUDIO STYLE #138,0.75,1499,181,12.0,135.75
2026-07-22 20:59:19,WIN 1000 TICKETS INTO TAYLORMADE £10K BUNDLE #2,2.2,249,84,34.0,184.8
2026-07-22 20:59:19,WIN 2026 TAYLORMADE QI4D £3K BUNDLE #40,0.33,21999,2401,11.0,792.33
2026-07-22 20:59:19,WIN 2026 PING G440 K WOODS BUNDLE #49,0.69,3999,301,8.0,207.69
2026-07-22 20:59:19,WIN TAYLORMADE P790 IRONS (5-PW) #290,3.75,649,43,7.0,161.25
2026-07-22 20:59:19,WIN POWAKADDY FX1 ELECTRIC TROLLEY #127,0.15,8999,2656,30.0,398.4
2026-07-22 20:59:19,WIN NEW 2026 DRIVER #424,3.75,329,29,9.0,108.75
2026-07-22 20:59:19,WIN NEW 2026 DRIVER #423,0.65,1849,72,4.0,46.8
2026-07-22 20:59:19,WIN 2026 VOKEY SM11 NICKEL WEDGES #53,0.22,5399,574,11.0,126.28
2026-07-22 20:59:19,WIN TAYLORMADE MG5 CHROME WEDGES #94,3.75,299,15,5.0,56.25
2026-07-22 20:59:19,WIN 2026 TAYLORMADE SPIDER TOUR TORCHED PUTTER #30,2.5,299,27,9.0,67.5
2026-07-22 20:59:19,WIN 2026 ODYSSEY DAMASCUS MILLED #14,0.35,3099,338,11.0,118.3
2026-07-22 20:59:19,WIN TAYLORMADE SPIDER 5K ZT PUTTER #86,0.75,1499,54,4.0,40.5
2026-07-22 20:59:19,WIN TITLEIST U505 UTILITY #2,0.88,599,62,10.0,54.56
2026-07-22 20:59:19,WIN SHOTSCOPE LM1 LAUNCH MONITOR #37,0.18,3499,543,16.0,97.74
2026-07-22 20:59:19,WIN BUSHNELL TOUR V7 SHIFT #36,0.37,2799,53,2.0,19.61
2026-07-22 20:59:19,WIN GARMIN S44 GPS #109,3.25,259,19,7.0,61.75
2026-07-22 20:59:19,WIN 2026 CALLAWAY QUANTUM STAFF STAND #5,0.17,5399,459,9.0,78.03
2026-07-22 20:59:19,WIN 4 DOZEN PROV1X #90,0.75,699,107,15.0,80.25
2026-07-22 20:59:19,FREE TO PLAY: WIN 2026 DRIVER #1,0.0,9999,513,5.0,0.0
2026-07-22 20:59:19,WIN 2026 TAYLORMADE QI4D SHADOWFALL DRIVER #14,3.75,399,16,4.0,60.0
2026-07-22 20:59:19,WIN 2026 TAYLORMADE SPIDER TOUR TORCHED PUTTER #31,0.5,1499,8,1.0,4.0
2026-07-22 20:59:19,WIN TAYLORMADE MG5 CHROME WEDGES #95,3.75,299,0,0.0,0.0
2026-07-22 20:59:19,WIN 1000 TICKETS INTO ASTON MARTIN COMP #9,0.37,2299,80,3.0,29.6
2026-07-22 20:59:19,WIN 2026 TITLEIST GTS £3K MEGA BUNDLE #13,0.33,21999,298,1.0,98.34
2026-07-22 20:59:19,"WIN 2026 TAYLORMADE QI4D WOODS (DRIVER, FW, HYBRID) #69",0.7,3499,48,1.0,33.6
2026-07-22 20:59:19,WIN 2026 TAYLORMADE SHORT GAME BUNDLE #5,3.75,499,0,0.0,0.0
2026-07-22 20:59:19,WIN TAYLORMADE P790 IRONS (5-PW) #291,0.66,3499,144,4.0,95.04
2026-07-22 20:59:19,WIN 2026 MOTOCADDY M7 REMOTE TROLLEY #1,0.35,7499,465,6.0,162.75
2026-07-22 20:59:19,WIN NEW 2026 DRIVER #426,1.75,699,10,1.0,17.5
2026-07-22 20:59:19,WIN NEW 2026 DRIVER #425,0.33,3599,52,1.0,17.16
2026-07-22 20:59:19,WIN 2026 VOKEY SM11 CHROME WEDGES #54,3.75,329,2,1.0,7.5
2026-07-22 20:59:19,WIN TAYLORMADE MG5 CHARCOAL WEDGES #55,0.15,7999,282,4.0,42.3
2026-07-22 20:59:19,WIN 2026 TAYLORMADE SPIDER TOUR X TORCHED PUTTER #39,3.75,199,1,1.0,3.75
2026-07-22 20:59:19,WIN NEW SCOTTY CAMERON PHANTOM 3.2 PUTTER #1,0.15,7999,532,7.0,79.8
2026-07-22 20:59:19,WIN 2026 TAYLORMADE SPIDER 5K ZT MAX PUTTER #1,0.75,1499,5,1.0,3.75
2026-07-22 20:59:19,WIN GARMIN R10 LAUNCH MONITOR #9,0.12,9999,399,4.0,47.88
2026-07-22 20:59:19,WIN SHOTSCOPE LM1 LAUNCH MONITOR #38,0.18,3499,263,8.0,47.34
2026-07-22 20:59:19,WIN 4 DOZEN TAYLORMADE TP5 PIX #28,0.85,599,14,2.0,11.9
2026-07-22 20:59:19,WIN 2026 TAYLORMADE SPIDER TOUR X TORCHED PUTTER #41,0.25,2999,20,1.0,5.0
2026-07-22 20:59:19,WIN 2026 TITLEIST GTS DRIVER #18,0.39,3099,11,1.0,4.29
2026-07-22 20:59:19,WIN 2026 VOKEY SM11 JET BLACK WEDGES #53,3.75,329,3,1.0,11.25
2026-07-22 20:59:19,WIN 1000 TICKETS INTO TAYLORMADE £10K BUNDLE #3,0.22,2499,116,5.0,25.52
2026-07-22 20:59:19,WIN TAG HEUER CONNECTED CALIBRE E5 X TAYLORMADE EDITION #6,0.66,7499,60,1.0,39.6
2026-07-22 20:59:19,WIN 2026 TAYLORMADE QI4D WOODS & P790 IRONS #49,0.37,11999,86,1.0,31.82
2026-07-22 20:59:19,WIN NAVEE BIRDIE 3 REMOTE #36,0.22,8999,122,1.0,26.84
2026-07-22 20:59:19,WIN TITLEIST T SERIES IRONS 5-PW #60,0.12,19999,123,1.0,14.76
2026-07-22 20:59:19,WIN NEW 2026 DRIVER #428,3.75,329,0,0.0,0.0
2026-07-22 20:59:19,WIN NEW 2026 DRIVER #427,0.1,11999,37,1.0,3.7
2026-07-22 20:59:19,WIN TAYLORMADE R7 QUAD MINI DRIVER #24,0.37,2499,75,3.0,27.75
2026-07-22 20:59:19,WIN CALLAWAY OPUS SP BLACK SHADOW WEDGES #18,0.45,2499,52,2.0,23.4
2026-07-22 20:59:19,WIN TAYLORMADE MG5 CHROME WEDGES #96,3.75,299,0,0.0,0.0
2026-07-22 20:59:19,WIN 2026 TAYLORMADE SPIDER TOUR TORCHED PUTTER #32,3.75,199,0,0.0,0.0
2026-07-22 20:59:19,WIN 2026 TAYLORMADE SPIDER TOUR X TORCHED PUTTER #40,0.25,2999,42,1.0,10.5
2026-07-22 20:59:19,WIN 2026 ODYSSEY AI DUAL SQ2SQ JAILBIRD #23,0.22,3299,165,5.0,36.3
2026-07-22 20:59:19,WIN GARMIN Z30 RANGEFINDER #15,0.66,1249,4,1.0,2.64
2026-07-22 20:59:19,WIN 2026 TAYLORMADE QI4D STAFF STAND #8,0.34,2699,135,5.0,45.9
2026-07-22 20:59:19,WIN 4 DOZEN TAYLORMADE TP5 STRIPE #7,0.8,799,15,2.0,12.0
2026-07-22 20:59:19,WIN 1000 TICKETS INTO TAYLORMADE £10K BUNDLE #4,0.22,2499,109,4.0,23.98
2026-07-22 20:59:19,WIN 2026 TAYLORMADE SPIDER TOUR X TORCHED PUTTER #42,0.25,2999,8,1.0,2.0
2026-07-22 20:59:19,WIN 1000 TICKETS INTO TAYLORMADE £10K BUNDLE #5,2.5,219,0,0.0,0.0
2026-07-22 20:59:19,WIN 2026 TAYLORMADE QI4D DRIVER #52,3.75,329,0,0.0,0.0
2026-07-22 20:59:19,WIN £10K TAYLORMADE MEGA BUNDLE #1,0.55,39999,1194,3.0,656.7
2026-07-22 20:59:19,WIN LTD EDITION TITLTIEST T150 BLACK VAPOR IRONS #1,0.2,19999,21,1.0,4.2
2026-07-22 20:59:19,WIN 2026 PING G440 K WOODS BUNDLE #50,3.75,749,3,1.0,11.25
2026-07-22 20:59:19,WIN 2026 TITLEIST SHORT GAME CHROME BUNDLE #10,0.25,8999,15,1.0,3.75
2026-07-22 20:59:19,WIN POWAKADDY RX REMOTE #11,0.33,6999,140,2.0,46.2
2026-07-22 20:59:19,WIN TAYLORMADE P790 IRONS (5-PW) #292,0.69,3499,2,1.0,1.38
2026-07-22 20:59:19,WIN NEW 2026 DRIVER #430,3.75,329,8,2.0,30.0
2026-07-22 20:59:19,WIN NEW 2026 DRIVER #429,0.07,16999,55,1.0,3.85
2026-07-22 20:59:19,WIN 2026 CALLAWAY QUANTUM MINI DRIVER #23,0.15,6999,0,0.0,0.0
2026-07-22 20:59:19,WIN TAYLORMADE MG5 CHROME WEDGES #97,0.85,1299,1,1.0,0.85
2026-07-22 20:59:19,WIN 2026 VOKEY SM11 NICKEL WEDGES #54,3.75,329,1,1.0,3.75
2026-07-22 20:59:19,WIN NEW SCOTTY CAMERON PHANTOM 3.2 PUTTER #2,0.15,7999,251,3.0,37.65
2026-07-22 20:59:19,WIN 2026 TAYLORMADE SPIDER TOUR X TORCHED PUTTER #43,2.5,299,1,1.0,2.5
2026-07-22 20:59:19,WIN CUSTOM L.A.B DF3 ORANGE #5,3.55,339,2,1.0,7.1
2026-07-22 20:59:19,WIN 2026 TAYLORMADE SPIDER TOUR TORCHED PUTTER #33,0.25,2999,7,1.0,1.75
2026-07-22 20:59:19,WIN BUSHNELL TOUR V7 SHIFT #37,3.7,279,1,1.0,3.7
2026-07-22 20:59:19,WIN SHOTSCOPE LM1 LAUNCH MONITOR #39,1.75,349,3,1.0,5.25
2026-07-22 20:59:19,WIN 4 DOZEN PROV1 GOLF BALLS #105,0.85,549,2,1.0,1.7
2026-07-22 20:59:19,WIN 2025 ROLEX OYSTER PERPETUAL GREEN DIAL + CUSTOM SCOTTY CAMERON #6,0.65,29999,248,1.0,161.2
2026-07-22 20:59:19,WIN 2026 TAYLORMADE SPIDER TOUR TORCHED PUTTER #34,3.75,199,0,0.0,0.0
2026-07-22 20:59:19,WIN 1000 TICKETS INTO ASTON MARTIN COMP #9,3.75,225,0,0.0,0.0
2026-07-22 20:59:19,WIN 2026 TITLEIST GTS DRIVER #19,0.39,3099,0,0.0,0.0
2026-07-22 20:59:19,WIN TAG HEUER CONNECTED CALIBRE E5 X TAYLORMADE EDITION #7,0.25,19999,17,1.0,4.25
2026-07-22 20:59:19,WIN 2026 TAYLORMADE QI4D WOODS & P790 IRONS #50,3.75,1199,1,1.0,3.75
2026-07-22 20:59:19,WIN 2026 CALLAWAY QUANTUM IRONS 5-PW #18,0.75,2499,10,1.0,7.5
2026-07-22 20:59:19,WIN NAVEE BIRDIE 3 REMOTE #37,0.22,8999,2,1.0,0.44
2026-07-22 20:59:19,WIN NEW 2026 DRIVER #432,2.55,469,0,0.0,0.0
2026-07-22 20:59:19,WIN NEW 2026 DRIVER #431,0.65,1849,0,0.0,0.0
2026-07-22 20:59:19,WIN TAYLORMADE MG5 CHARCOAL WEDGES #56,0.15,7999,14,1.0,2.1
2026-07-22 20:59:19,WIN 2026 VOKEY SM11 JET BLACK WEDGES #54,0.66,1799,3,1.0,1.98
2026-07-22 20:59:19,WIN TAYLORMADE SPIDER 5K ZT PUTTER #87,3.75,299,0,0.0,0.0
2026-07-22 20:59:19,WIN SCOTTY CAMERON STUDIO STYLE #139,1.33,799,1,1.0,1.33
2026-07-22 20:59:19,WIN 2026 TAYLORMADE SPIDER TOUR X TORCHED PUTTER #43,0.25,2999,1,1.0,0.25
2026-07-22 20:59:19,WIN GARMIN Z30 RANGEFINDER #16,3.75,199,1,1.0,3.75
2026-07-22 20:59:19,WIN CALLAWAY FAIRWAY C HD BLACK CAMO STAND #8,0.35,1299,7,1.0,2.45
2026-07-22 20:59:19,WIN 4 DOZEN PROV1X #91,0.75,699,1,1.0,0.75
2026-07-22 20:59:19,WIN 2026 ODYSSEY DAMASCUS MILLED #15,0.35,3099,1,1.0,0.35
2026-07-22 20:59:19,WIN 2026 TAYLORMADE SPIDER TOUR X TORCHED PUTTER #44,2.5,299,1,1.0,2.5
2026-07-22 20:59:19,WIN 2026 TAYLORMADE QI4D DRIVER #53,3.75,329,0,0.0,0.0
2026-07-22 20:59:19,WIN 1000 TICKETS INTO ASTON MARTIN COMP #10,0.38,2250,1,1.0,0.38
2026-07-22 20:59:19,WIN 2026 PING G440 £3K MEGA BUNDLE #28,0.27,26999,269,1.0,72.63
2026-07-22 20:59:19,"WIN 2026 TAYLORMADE QI4D WOODS (DRIVER, FW, HYBRID) #70",0.7,3499,1,1.0,0.7
2026-07-22 20:59:19,WIN 2026 TITLEIST SHORT GAME CHROME BUNDLE #11,0.12,18999,1,1.0,0.12
2026-07-22 20:59:19,WIN TAYLORMADE P790 IRONS (5-PW) #293,3.75,599,0,0.0,0.0
2026-07-22 20:59:19,WIN POWAKADDY FX1 ELECTRIC TROLLEY #128,0.66,1999,1,1.0,0.66
2026-07-22 20:59:19,WIN NEW 2026 DRIVER #435,2.55,469,0,0.0,0.0
2026-07-22 20:59:19,WIN NEW 2026 DRIVER #434,0.65,1849,1,1.0,0.65
2026-07-22 20:59:19,WIN NEW 2026 DRIVER #433,0.1,11999,11,1.0,1.1
2026-07-22 20:59:19,WIN 2026 VOKEY SM11 CHROME WEDGES #55,1.72,699,1,1.0,1.72
2026-07-22 20:59:19,WIN TAYLORMADE MG5 CHROME WEDGES #98,0.85,1299,1,1.0,0.85
2026-07-22 20:59:19,WIN 2026 TAYLORMADE SPIDER TOUR TORCHED PUTTER #35,0.25,2999,1,1.0,0.25
2026-07-22 20:59:19,WIN NEW SCOTTY CAMERON PHANTOM 3.2 PUTTER #3,0.15,7999,1,1.0,0.15
2026-07-22 20:59:19,WIN 2026 LAB VZN.1I PUTTER #5,3.75,329,25,8.0,93.75
2026-07-22 20:59:19,WIN TAYLORMADE P SERIES UDI #19,0.44,1199,8,1.0,3.52
2026-07-22 20:59:19,WIN GARMIN S44 GPS #110,3.25,259,1,1.0,3.25
2026-07-22 20:59:19,WIN SHOTSCOPE LM1 LAUNCH MONITOR #40,1.75,349,0,0.0,0.0
2026-07-22 20:59:19,WIN OGIO ALL ELEMENTS SILENCER CART BAG #18,0.36,1799,4,1.0,1.44
2026-07-22 20:59:19,WIN 4 DOZEN TAYLORMADE TP5 PIX #29,0.85,599,2,1.0,1.7
2026-07-22 20:59:19,WIN 1000 TICKETS INTO ASTON MARTIN COMP #11,3.75,225,0,0.0,0.0
2026-07-22 20:59:19,WIN 2026 TITLEIST GTS DRIVER #19,0.39,3099,0,0.0,0.0
2026-07-22 20:59:19,WIN TAYLORMADE MG5 CHROME WEDGES #99,0.17,6599,0,0.0,0.0
2026-07-22 20:59:19,WIN 2026 TAYLORMADE SPIDER TOUR TORCHED PUTTER #36,0.25,2999,0,0.0,0.0
2026-07-22 20:59:19,WIN TAG HEUER CONNECTED CALIBRE E5 X TAYLORMADE EDITION #8,3.35,1499,0,0.0,0.0
2026-07-22 20:59:19,WIN 2026 TAYLORMADE QI4D WOODS & P790 IRONS #51,0.37,11999,3,1.0,1.11
2026-07-22 20:59:19,WIN NAVEE BIRDIE 3 REMOTE #38,3.75,499,0,0.0,0.0
2026-07-22 20:59:19,WIN TITLEIST T SERIES IRONS 5-PW #59,0.12,19999,0,0.0,0.0
2026-07-22 20:59:19,WIN NEW 2026 DRIVER #437,2.55,469,0,0.0,0.0
2026-07-22 20:59:19,WIN NEW 2026 DRIVER #436,0.65,1849,0,0.0,0.0
2026-07-22 20:59:19,WIN 2026 TITLEIST GTS300 MINI DRIVER #1,0.17,6999,0,0.0,0.0
2026-07-22 20:59:19,WIN TAYLORMADE MG5 CHARCOAL WEDGES #57,0.55,2199,0,0.0,0.0
2026-07-22 20:59:19,WIN LTD EDITION TITLEIST SM11 BLACK VAPOR WEDGES #1,3.75,399,1,1.0,3.75
2026-07-22 20:59:19,WIN SCOTTY CAMERON STUDIO STYLE #140,0.27,3999,0,0.0,0.0
2026-07-22 20:59:19,WIN 2026 TAYLORMADE SPIDER TOUR X TORCHED PUTTER #45,3.75,199,0,0.0,0.0
2026-07-22 20:59:19,WIN CUSTOM L.A.B DF3 RED (RH 34) #2,3.55,339,0,0.0,0.0
2026-07-22 20:59:19,WIN GARMIN R10 LAUNCH MONITOR #10,0.12,9999,50,1.0,6.0
2026-07-22 20:59:19,WIN 4 DOZEN PROV1 GOLF BALLS #106,0.85,549,0,0.0,0.0
2026-07-26 20:50:39,"WIN ASTON MARTIN DB11 4.0 V8 OR £70,000 TAX FREE CASH #1",0.79,205999,69691,34.0,55055.89
2026-07-26 20:50:39,HUGE JULY INSTANT WIN – 4000 INSTANT WIN PRIZES WORTH £400K #1,2.75,299999,48594,16.0,133633.5
2026-07-26 20:50:39,"PHIL’S FLIP & WIN – 20,000 INSTANT WINS- £150K WORTH OF PRIZES #1",6.75,40000,3507,9.0,23672.25
2026-07-26 20:50:39,FREE TO PLAY: WIN 2026 DRIVER #1,0.0,9999,1682,17.0,0.0
2026-07-26 20:50:39,WIN 2025 ROLEX OYSTER PERPETUAL GREEN DIAL + CUSTOM SCOTTY CAMERON #6,0.65,29999,985,3.0,640.25
2026-07-26 20:50:39,WIN 2026 TAYLORMADE SPIDER TOUR TORCHED PUTTER #34,3.75,199,43,22.0,161.25
2026-07-26 20:50:39,WIN 1000 TICKETS INTO ASTON MARTIN COMP #9,3.75,225,70,31.0,262.5
2026-07-26 20:50:39,WIN 2026 TITLEIST GTS DRIVER #19,0.39,3099,268,9.0,104.52
2026-07-26 20:50:39,WIN TAG HEUER CONNECTED CALIBRE E5 X TAYLORMADE EDITION #7,0.25,19999,1692,8.0,423.0
2026-07-26 20:50:39,WIN 2026 TAYLORMADE QI4D WOODS & P790 IRONS #50,3.75,1199,71,6.0,266.25
2026-07-26 20:50:39,WIN 2026 CALLAWAY QUANTUM IRONS 5-PW #18,0.75,2499,302,12.0,226.5
2026-07-26 20:50:39,WIN NAVEE BIRDIE 3 REMOTE #37,0.22,8999,1023,11.0,225.06
2026-07-26 20:50:39,WIN NEW 2026 DRIVER #432,2.55,469,2,1.0,5.1
2026-07-26 20:50:39,WIN NEW 2026 DRIVER #431,0.65,1849,64,3.0,41.6
2026-07-26 20:50:39,WIN TAYLORMADE MG5 CHARCOAL WEDGES #56,0.15,7999,536,7.0,80.4
2026-07-26 20:50:39,WIN 2026 VOKEY SM11 JET BLACK WEDGES #54,0.66,1799,85,5.0,56.1
2026-07-26 20:50:39,WIN TAYLORMADE SPIDER 5K ZT PUTTER #87,3.75,299,10,3.0,37.5
2026-07-26 20:50:39,WIN SCOTTY CAMERON STUDIO STYLE #139,1.33,799,40,5.0,53.2
2026-07-26 20:50:39,WIN 2026 TAYLORMADE SPIDER TOUR X TORCHED PUTTER #43,0.25,2999,281,9.0,70.25
2026-07-26 20:50:39,WIN GARMIN Z30 RANGEFINDER #16,3.75,199,9,5.0,33.75
2026-07-26 20:50:39,WIN CALLAWAY FAIRWAY C HD BLACK CAMO STAND #8,0.35,1299,145,11.0,50.75
2026-07-26 20:50:39,WIN 4 DOZEN PROV1X #91,0.75,699,69,10.0,51.75
2026-07-26 20:50:39,WIN 2026 ODYSSEY DAMASCUS MILLED #15,0.35,3099,56,2.0,19.6
2026-07-26 20:50:39,WIN 2026 TAYLORMADE SPIDER TOUR X TORCHED PUTTER #44,2.5,299,7,2.0,17.5
2026-07-26 20:50:39,WIN 2026 TAYLORMADE QI4D DRIVER #53,3.75,329,1,1.0,3.75
2026-07-26 20:50:39,WIN 1000 TICKETS INTO ASTON MARTIN COMP #10,0.38,2250,77,3.0,29.26
2026-07-26 20:50:39,WIN 2026 PING G440 £3K MEGA BUNDLE #28,0.27,26999,1477,5.0,398.79
2026-07-26 20:50:39,"WIN 2026 TAYLORMADE QI4D WOODS (DRIVER, FW, HYBRID) #70",0.7,3499,111,3.0,77.7
2026-07-26 20:50:39,WIN 2026 TITLEIST SHORT GAME CHROME BUNDLE #11,0.12,18999,229,1.0,27.48
2026-07-26 20:50:39,WIN TAYLORMADE P790 IRONS (5-PW) #293,3.75,599,7,1.0,26.25
2026-07-26 20:50:39,WIN POWAKADDY FX1 ELECTRIC TROLLEY #128,0.66,1999,116,6.0,76.56
2026-07-26 20:50:39,WIN NEW 2026 DRIVER #435,2.55,469,0,0.0,0.0
2026-07-26 20:50:39,WIN NEW 2026 DRIVER #434,0.65,1849,29,2.0,18.85
2026-07-26 20:50:39,WIN NEW 2026 DRIVER #433,0.1,11999,254,2.0,25.4
2026-07-26 20:50:39,WIN 2026 VOKEY SM11 CHROME WEDGES #55,1.72,699,8,1.0,13.76
2026-07-26 20:50:39,WIN TAYLORMADE MG5 CHROME WEDGES #98,0.85,1299,23,2.0,19.55
2026-07-26 20:50:39,WIN 2026 TAYLORMADE SPIDER TOUR TORCHED PUTTER #35,0.25,2999,87,3.0,21.75
2026-07-26 20:50:39,WIN NEW SCOTTY CAMERON PHANTOM 3.2 PUTTER #3,0.15,7999,97,1.0,14.55
2026-07-26 20:50:39,WIN 2026 LAB VZN.1I PUTTER #5,3.75,329,44,13.0,165.0
2026-07-26 20:50:39,WIN TAYLORMADE P SERIES UDI #19,0.44,1199,12,1.0,5.28
2026-07-26 20:50:39,WIN GARMIN S44 GPS #110,3.25,259,18,6.0,58.5
2026-07-26 20:50:39,WIN SHOTSCOPE LM1 LAUNCH MONITOR #40,1.75,349,5,1.0,8.75
2026-07-26 20:50:39,WIN OGIO ALL ELEMENTS SILENCER CART BAG #18,0.36,1799,39,2.0,14.04
2026-07-26 20:50:39,WIN 4 DOZEN TAYLORMADE TP5 PIX #29,0.85,599,42,7.0,35.7
2026-07-26 20:50:39,WIN 1000 TICKETS INTO ASTON MARTIN COMP #11,3.75,225,3,1.0,11.25
2026-07-26 20:50:39,WIN 2026 TITLEIST GTS DRIVER #19,0.39,3099,17,1.0,6.63
2026-07-26 20:50:39,WIN TAYLORMADE MG5 CHROME WEDGES #99,0.17,6599,67,1.0,11.39
2026-07-26 20:50:39,WIN 2026 TAYLORMADE SPIDER TOUR TORCHED PUTTER #36,0.25,2999,17,1.0,4.25
2026-07-26 20:50:39,WIN TAG HEUER CONNECTED CALIBRE E5 X TAYLORMADE EDITION #8,3.35,1499,7,1.0,23.45
2026-07-26 20:50:39,WIN 2026 TAYLORMADE QI4D WOODS & P790 IRONS #51,0.37,11999,225,2.0,83.25
2026-07-26 20:50:39,WIN NAVEE BIRDIE 3 REMOTE #38,3.75,499,3,1.0,11.25
2026-07-26 20:50:39,WIN TITLEIST T SERIES IRONS 5-PW #59,0.12,19999,606,3.0,72.72
2026-07-26 20:50:39,WIN NEW 2026 DRIVER #437,2.55,469,0,0.0,0.0
2026-07-26 20:50:39,WIN NEW 2026 DRIVER #436,0.65,1849,11,1.0,7.15
2026-07-26 20:50:39,WIN 2026 TITLEIST GTS300 MINI DRIVER #1,0.17,6999,80,1.0,13.6
2026-07-26 20:50:39,WIN TAYLORMADE MG5 CHARCOAL WEDGES #57,0.55,2199,24,1.0,13.2
2026-07-26 20:50:39,WIN LTD EDITION TITLEIST SM11 BLACK VAPOR WEDGES #1,3.75,399,4,1.0,15.0
2026-07-26 20:50:39,WIN SCOTTY CAMERON STUDIO STYLE #140,0.27,3999,13,1.0,3.51
2026-07-26 20:50:39,WIN 2026 TAYLORMADE SPIDER TOUR X TORCHED PUTTER #45,3.75,199,1,1.0,3.75
2026-07-26 20:50:39,WIN CUSTOM L.A.B DF3 RED (RH 34) #2,3.55,339,0,0.0,0.0
2026-07-26 20:50:39,WIN GARMIN R10 LAUNCH MONITOR #10,0.12,9999,193,2.0,23.16
2026-07-26 20:50:39,WIN 4 DOZEN PROV1 GOLF BALLS #106,0.85,549,70,13.0,59.5
2026-07-26 20:50:39,WIN 2026 TAYLORMADE QI4D DRIVER #54,3.75,329,0,0.0,0.0
2026-07-26 20:50:39,WIN 2026 TAYLORMADE SPIDER TOUR X TORCHED PUTTER #46,0.25,2999,3,1.0,0.75
2026-07-26 20:50:39,WIN SCOTTY CAMERON STUDIO STYLE #141,0.75,1499,3,1.0,2.25
2026-07-26 20:50:39,WIN 1000 TICKETS INTO ASTON MARTIN COMP #12,0.18,4699,237,5.0,42.66
2026-07-26 20:50:39,WIN 2026 TAYLORMADE QI4D £3K BUNDLE #41,0.33,21999,294,1.0,97.02
2026-07-26 20:50:39,WIN 2026 PING G440 K WOODS BUNDLE #51,0.69,3999,132,3.0,91.08
2026-07-26 20:50:39,WIN TAYLORMADE P790 IRONS (5-PW) #294,3.75,649,1,1.0,3.75
2026-07-26 20:50:39,WIN POWAKADDY FX1 ELECTRIC TROLLEY #129,0.15,8999,222,2.0,33.3
2026-07-26 20:50:39,WIN NEW 2026 DRIVER #439,3.75,329,0,0.0,0.0
2026-07-26 20:50:39,WIN NEW 2026 DRIVER #438,0.07,16999,137,1.0,9.59
2026-07-26 20:50:39,WIN 2026 VOKEY SM11 NICKEL WEDGES #55,0.22,5399,29,1.0,6.38
2026-07-26 20:50:39,WIN TAYLORMADE MG5 CHROME WEDGES #100,3.75,299,0,0.0,0.0
2026-07-26 20:50:39,WIN 2026 TAYLORMADE SPIDER TOUR TORCHED PUTTER #37,2.5,299,8,3.0,20.0
2026-07-26 20:50:39,WIN 2026 ODYSSEY DAMASCUS MILLED #15,0.35,3099,3,1.0,1.05
2026-07-26 20:50:39,WIN TAYLORMADE SPIDER 5K ZT PUTTER #88,0.07,15999,379,2.0,26.53
2026-07-26 20:50:39,WIN TITLEIST U505 UTILITY #3,0.08,5999,78,1.0,6.24
2026-07-26 20:50:39,WIN SHOTSCOPE LM1 LAUNCH MONITOR #41,0.18,3499,13,1.0,2.34
2026-07-26 20:50:39,WIN GARMIN Z30 RANGEFINDER #17,3.75,199,2,1.0,7.5
2026-07-26 20:50:39,WIN GARMIN S44 GPS #111,3.25,259,2,1.0,6.5
2026-07-26 20:50:39,WIN 2026 CALLAWAY QUANTUM STAFF STAND #6,0.17,5399,37,1.0,6.29
2026-07-26 20:50:39,WIN 4 DOZEN PROV1X #92,0.75,699,0,0.0,0.0
2026-07-26 20:50:39,WIN 2026 TAYLORMADE QI4D SHADOWFALL DRIVER #15,3.75,399,0,0.0,0.0
2026-07-26 20:50:39,WIN 2026 TAYLORMADE SPIDER TOUR TORCHED PUTTER #38,0.5,1499,1,1.0,0.5
2026-07-26 20:50:39,WIN 1000 TICKETS INTO ASTON MARTIN COMP #13,0.37,2299,3,1.0,1.11
2026-07-26 20:50:39,WIN 1000 TICKETS INTO ASTON MARTIN COMP #14,3.75,225,0,0.0,0.0
2026-07-26 20:50:39,"WIN 2026 TAYLORMADE QI4D WOODS (DRIVER, FW, HYBRID) #71",0.7,3499,9,1.0,6.3
2026-07-26 20:50:39,WIN TITLEIST T SERIES IRONS 5-PW #61,0.12,19999,395,2.0,47.4
2026-07-26 20:50:39,WIN TAYLORMADE P790 IRONS (5-PW) #295,0.66,3499,11,1.0,7.26
2026-07-26 20:50:39,WIN POWAKADDY CT6 GPS ELECTRIC TROLLEY #1,0.35,6999,141,2.0,49.35
2026-07-26 20:50:39,WIN NEW 2026 DRIVER #441,1.75,699,2,1.0,3.5
2026-07-26 20:50:39,WIN NEW 2026 DRIVER #440,0.33,3599,25,1.0,8.25
2026-07-26 20:50:39,WIN 2026 VOKEY SM11 CHROME WEDGES #56,0.17,6999,19,1.0,3.23
2026-07-26 20:50:39,WIN TAYLORMADE MG5 CHARCOAL WEDGES #58,0.15,7999,72,1.0,10.8
2026-07-26 20:50:39,WIN 2026 TAYLORMADE SPIDER TOUR X TORCHED PUTTER #47,3.75,199,0,0.0,0.0
2026-07-26 20:50:39,WIN NEW SCOTTY CAMERON PHANTOM 3.2 PUTTER #4,0.15,7999,13,1.0,1.95
2026-07-26 20:50:39,WIN BUSHNELL WINGMAN HD #1,0.12,4999,3,1.0,0.36
2026-07-26 20:50:39,WIN 4 DOZEN TAYLORMADE TP5 PIX #30,0.85,599,2,1.0,1.7
2026-07-26 20:50:39,WIN 2026 TAYLORMADE SPIDER TOUR X TORCHED PUTTER #48,0.25,2999,0,0.0,0.0
2026-07-26 20:50:39,WIN 1000 TICKETS INTO ROLEX OP GREEN COMP #1,0.32,1999,0,0.0,0.0
2026-07-26 20:50:39,WIN 2026 VOKEY SM11 JET BLACK WEDGES #55,3.75,329,0,0.0,0.0
2026-07-26 20:50:39,WIN 1000 TICKETS INTO TAYLORMADE £7.5K BUNDLE #1,0.22,2999,0,0.0,0.0
2026-07-26 20:50:39,WIN TAG HEUER CONNECTED CALIBRE E5 X TAYLORMADE EDITION #9,0.66,7499,10,1.0,6.6
2026-07-26 20:50:39,WIN 2026 TITLEIST GTS £3K MEGA BUNDLE #14,0.33,21999,7,1.0,2.31
2026-07-26 20:50:39,WIN NAVEE BIRDIE 3 REMOTE #39,0.22,8999,0,0.0,0.0
2026-07-26 20:50:39,WIN 2026 TAYLORMADE SHORT GAME BUNDLE #6,3.75,499,0,0.0,0.0
2026-07-26 20:50:39,WIN NEW 2026 DRIVER #443,3.75,329,0,0.0,0.0
2026-07-26 20:50:39,WIN NEW 2026 DRIVER #442,0.1,11999,0,0.0,0.0
2026-07-26 20:50:39,WIN TAYLORMADE P790 IRONS (5-PW) #296,0.07,33999,26,1.0,1.82
2026-07-26 20:50:39,WIN CALLAWAY OPUS SP BLACK SHADOW WEDGES #19,0.45,2499,0,0.0,0.0
2026-07-26 20:50:39,WIN TAYLORMADE MG5 CHROME WEDGES #101,3.75,299,0,0.0,0.0
2026-07-26 20:50:39,WIN 2026 TAYLORMADE SPIDER TOUR TORCHED PUTTER #39,3.75,199,0,0.0,0.0
2026-07-26 20:50:39,WIN 2026 TAYLORMADE SPIDER TOUR X TORCHED PUTTER #49,0.25,2999,0,0.0,0.0
2026-07-26 20:50:39,WIN 2026 LAB VZN.1I PUTTER #6,3.75,329,0,0.0,0.0
2026-07-26 20:50:39,WIN GARMIN R10 LAUNCH MONITOR #11,0.12,9999,0,0.0,0.0
2026-07-26 20:50:39,WIN 2026 TAYLORMADE QI4D STAFF STAND #9,0.34,2699,0,0.0,0.0
2026-07-26 20:50:39,WIN 4 DOZEN TAYLORMADE TP5 STRIPE #8,0.8,799,0,0.0,0.0
2026-07-26 20:50:39,WIN 1000 TICKETS INTO ROLEX OP GREEN COMP #2,0.05,12999,1,1.0,0.05
2026-07-26 20:50:39,WIN 2026 TAYLORMADE SPIDER TOUR X TORCHED PUTTER #50,0.25,2999,0,0.0,0.0
2026-07-26 20:50:39,WIN 1000 TICKETS INTO TAYLORMADE £7.5K BUNDLE #3,2.5,259,0,0.0,0.0
2026-07-26 20:50:39,WIN 2026 TAYLORMADE £7.5K MEGA BUNDLE #38,0.66,23999,10,1.0,6.6
2026-07-26 20:50:39,WIN LTD EDITION TITLTIEST T150 BLACK VAPOR IRONS #2,0.2,19999,0,0.0,0.0
2026-07-26 20:50:39,"WIN 2026 TAYLORMADE QI4D WOODS (DRIVER, FW, HYBRID) #72",3.75,649,0,0.0,0.0
2026-07-26 20:50:39,WIN 2026 TITLEIST SHORT GAME CHROME BUNDLE #12,0.25,8999,0,0.0,0.0
2026-07-26 20:50:39,WIN POWAKADDY RX REMOTE #12,0.33,6999,0,0.0,0.0
2026-07-26 20:50:39,WIN TAYLORMADE P790 IRONS (5-PW) #297,0.69,3499,0,0.0,0.0
2026-07-26 20:50:39,WIN NEW 2026 DRIVER #445,3.75,329,0,0.0,0.0
2026-07-26 20:50:39,WIN NEW 2026 DRIVER #444,0.07,16999,0,0.0,0.0
2026-07-26 20:50:39,WIN TAYLORMADE R7 QUAD MINI DRIVER #25,0.37,2499,0,0.0,0.0
2026-07-26 20:50:39,WIN TAYLORMADE MG5 CHROME WEDGES #102,0.85,1299,0,0.0,0.0
2026-07-26 20:50:39,WIN LTD EDITION TITLEIST SM11 BLACK VAPOR WEDGES #2,3.75,399,0,0.0,0.0
2026-07-26 20:50:39,WIN NEW SCOTTY CAMERON PHANTOM 3.2 PUTTER #5,0.15,7999,0,0.0,0.0
2026-07-26 20:50:39,WIN 2026 TAYLORMADE SPIDER TOUR X TORCHED PUTTER #51,2.5,299,0,0.0,0.0
2026-07-26 20:50:39,WIN CUSTOM L.A.B DF3 ORANGE #6,3.55,339,0,0.0,0.0
2026-07-26 20:50:39,WIN 2026 TAYLORMADE SPIDER TOUR TORCHED PUTTER #40,0.25,2999,0,0.0,0.0
2026-07-26 20:50:39,WIN SHOTSCOPE LM1 LAUNCH MONITOR #42,1.75,349,0,0.0,0.0
2026-07-26 20:50:39,WIN 4 DOZEN PROV1 GOLF BALLS #107,0.85,549,0,0.0,0.0
